"DateTime","(deg C) Min Temperature (gridMET) at 1, 2000-01-01 to 2004-12-30"
"2000-01-01",-5.0232
"2000-01-02",-7.9379
"2000-01-03",-14.3916
"2000-01-04",-14.5378
"2000-01-05",-12.0062
"2000-01-06",-15.2038
"2000-01-07",-14.6964
"2000-01-08",-13.6737
"2000-01-09",-12.5133
"2000-01-10",-10.2865
"2000-01-11",-7.7184
"2000-01-12",-4.7882
"2000-01-13",-5.0385
"2000-01-14",-3.6595
"2000-01-15",-1.5476
"2000-01-16",-0.1441
"2000-01-17",2.0564
"2000-01-18",2.8632
"2000-01-19",1.3672
"2000-01-20",1.5336
"2000-01-21",0.4127
"2000-01-22",-2.2714
"2000-01-23",-3.2895
"2000-01-24",-0.5604
"2000-01-25",2.0388
"2000-01-26",-0.0497
"2000-01-27",-5.6468
"2000-01-28",-6.9254
"2000-01-29",-9.4482
"2000-01-30",-7.089
"2000-01-31",-4.3003
"2000-02-01",-7.3709
"2000-02-02",-6.8677
"2000-02-03",-3.6875
"2000-02-04",-2.8153
"2000-02-05",-1.6681
"2000-02-06",-1.0476
"2000-02-07",-2.806
"2000-02-08",-2.4075
"2000-02-09",1.3304
"2000-02-10",-1.5046
"2000-02-11",-2.111
"2000-02-12",-3.15
"2000-02-13",-5.5632
"2000-02-14",-2.7996
"2000-02-15",-1.436
"2000-02-16",-0.6422
"2000-02-17",-1.6004
"2000-02-18",-4.7015
"2000-02-19",-3.5304
"2000-02-20",-0.4606
"2000-02-21",1.4615
"2000-02-22",-2.298
"2000-02-23",-5.3296
"2000-02-24",-3.9696
"2000-02-25",-8.3534
"2000-02-26",-9.5938
"2000-02-27",-4.5625
"2000-02-28",-1.102
"2000-02-29",-6.1666
"2000-03-01",-1.2667
"2000-03-02",-4.1604
"2000-03-03",-3.2571
"2000-03-04",0.0411
"2000-03-05",-0.1777
"2000-03-06",-1.8794
"2000-03-07",-2.6086
"2000-03-08",-6.7186
"2000-03-09",-4.0946
"2000-03-10",-4.8094
"2000-03-11",-5.3668
"2000-03-12",-1.9039
"2000-03-13",-0.8722
"2000-03-14",-0.6939
"2000-03-15",0.5418
"2000-03-16",-4.2984
"2000-03-17",-2.392
"2000-03-18",-5.346
"2000-03-19",-5.7402
"2000-03-20",-1.0063
"2000-03-21",-3.6981
"2000-03-22",-3.2237
"2000-03-23",-2.4583
"2000-03-24",-0.8576
"2000-03-25",2.2162
"2000-03-26",1.4741
"2000-03-27",2.8323
"2000-03-28",2.3988
"2000-03-29",-0.6511
"2000-03-30",1.3787
"2000-03-31",-2.0184
"2000-04-01",-3.0945
"2000-04-02",-3.6521
"2000-04-03",1.7467
"2000-04-04",2.017
"2000-04-05",4.4697
"2000-04-06",3.0874
"2000-04-07",3.1348
"2000-04-08",2.8701
"2000-04-09",4.0142
"2000-04-10",3.3755
"2000-04-11",2.2915
"2000-04-12",3.0636
"2000-04-13",4.7128
"2000-04-14",4.4918
"2000-04-15",0.7483
"2000-04-16",0.4875
"2000-04-17",3.5034
"2000-04-18",2.7213
"2000-04-19",-1.8341
"2000-04-20",1.1757
"2000-04-21",6.5079
"2000-04-22",2.732
"2000-04-23",2.0808
"2000-04-24",4.6988
"2000-04-25",3.7498
"2000-04-26",7.443
"2000-04-27",10.0961
"2000-04-28",8.7602
"2000-04-29",6.2165
"2000-04-30",1.6571
"2000-05-01",2.8896
"2000-05-02",7.7624
"2000-05-03",9.205
"2000-05-04",9.5746
"2000-05-05",9.1826
"2000-05-06",7.9474
"2000-05-07",7.5392
"2000-05-08",7.5556
"2000-05-09",5.6331
"2000-05-10",8.5799
"2000-05-11",6.6301
"2000-05-12",-1.8872
"2000-05-13",-0.1689
"2000-05-14",5.6471
"2000-05-15",7.9251
"2000-05-16",8.9609
"2000-05-17",1.0643
"2000-05-18",3.6471
"2000-05-19",4.7123
"2000-05-20",7.8987
"2000-05-21",9.4243
"2000-05-22",11.6024
"2000-05-23",12.6861
"2000-05-24",13.2425
"2000-05-25",12.248
"2000-05-26",7.9233
"2000-05-27",10.758
"2000-05-28",13.5311
"2000-05-29",14.9271
"2000-05-30",13.2813
"2000-05-31",12.0288
"2000-06-01",11.6824
"2000-06-02",12.2459
"2000-06-03",12.534
"2000-06-04",14.3889
"2000-06-05",14.9194
"2000-06-06",13.5725
"2000-06-07",15.2766
"2000-06-08",15.4065
"2000-06-09",10.3841
"2000-06-10",8.8133
"2000-06-11",9.6675
"2000-06-12",11.5348
"2000-06-13",11.8471
"2000-06-14",10.5599
"2000-06-15",12.7359
"2000-06-16",13.6172
"2000-06-17",11.7235
"2000-06-18",13.8184
"2000-06-19",12.1986
"2000-06-20",12.0088
"2000-06-21",12.4828
"2000-06-22",14.4989
"2000-06-23",13.2443
"2000-06-24",12.6867
"2000-06-25",14.0921
"2000-06-26",16.5994
"2000-06-27",15.4589
"2000-06-28",16.3055
"2000-06-29",15.3085
"2000-06-30",14.8986
"2000-07-01",14.2018
"2000-07-02",13.0279
"2000-07-03",13.0851
"2000-07-04",11.4904
"2000-07-05",11.7108
"2000-07-06",12.0807
"2000-07-07",13.4969
"2000-07-08",13.5547
"2000-07-09",14.6562
"2000-07-10",13.8778
"2000-07-11",14.3187
"2000-07-12",16.3708
"2000-07-13",16.6977
"2000-07-14",16.7628
"2000-07-15",16.4857
"2000-07-16",16.3892
"2000-07-17",15.0874
"2000-07-18",15.1895
"2000-07-19",15.9289
"2000-07-20",17.8064
"2000-07-21",16.6305
"2000-07-22",16.6587
"2000-07-23",17.7262
"2000-07-24",16.2135
"2000-07-25",16.6299
"2000-07-26",16.8251
"2000-07-27",16.1166
"2000-07-28",16.22
"2000-07-29",17.3038
"2000-07-30",16.9288
"2000-07-31",15.59
"2000-08-01",15.7044
"2000-08-02",16.799
"2000-08-03",17.211
"2000-08-04",17.6824
"2000-08-05",16.9294
"2000-08-06",17.0131
"2000-08-07",16.2726
"2000-08-08",15.2153
"2000-08-09",16.179
"2000-08-10",15.7015
"2000-08-11",15.2619
"2000-08-12",15.3646
"2000-08-13",15.9901
"2000-08-14",15.8666
"2000-08-15",16.5794
"2000-08-16",16.4139
"2000-08-17",15.7147
"2000-08-18",14.7902
"2000-08-19",13.7898
"2000-08-20",13.9813
"2000-08-21",14.8786
"2000-08-22",15.1447
"2000-08-23",14.4416
"2000-08-24",14.9607
"2000-08-25",15.0508
"2000-08-26",13.5472
"2000-08-27",13.4954
"2000-08-28",13.7111
"2000-08-29",10.8381
"2000-08-30",9.4625
"2000-08-31",8.7669
"2000-09-01",11.0356
"2000-09-02",8.8211
"2000-09-03",10.4217
"2000-09-04",11.7322
"2000-09-05",13.1247
"2000-09-06",13.1309
"2000-09-07",11.8222
"2000-09-08",13.0723
"2000-09-09",10.1065
"2000-09-10",9.9882
"2000-09-11",9.8414
"2000-09-12",11.2277
"2000-09-13",13.1633
"2000-09-14",14.9279
"2000-09-15",13.4549
"2000-09-16",14.0272
"2000-09-17",14.1746
"2000-09-18",12.3739
"2000-09-19",10.1354
"2000-09-20",9.8856
"2000-09-21",10.5683
"2000-09-22",9.851
"2000-09-23",7.4154
"2000-09-24",1.2299
"2000-09-25",0.484
"2000-09-26",6.42
"2000-09-27",11.493
"2000-09-28",10.9777
"2000-09-29",11.8134
"2000-09-30",11.676
"2000-10-01",11.1965
"2000-10-02",10.9044
"2000-10-03",10.345
"2000-10-04",11.3824
"2000-10-05",8.5894
"2000-10-06",8.4841
"2000-10-07",8.6449
"2000-10-08",7.2517
"2000-10-09",5.1223
"2000-10-10",4.0874
"2000-10-11",5.0199
"2000-10-12",2.4716
"2000-10-13",0.0742
"2000-10-14",0.2855
"2000-10-15",0.6903
"2000-10-16",2.6635
"2000-10-17",4.3683
"2000-10-18",3.8914
"2000-10-19",5.1495
"2000-10-20",4.6831
"2000-10-21",4.3452
"2000-10-22",3.4221
"2000-10-23",3.1281
"2000-10-24",1.8181
"2000-10-25",1.8423
"2000-10-26",1.2784
"2000-10-27",2.8965
"2000-10-28",0.7051
"2000-10-29",-2.3129
"2000-10-30",-0.2544
"2000-10-31",-1.9389
"2000-11-01",-2.7758
"2000-11-02",-1.6283
"2000-11-03",-0.0561
"2000-11-04",0.6538
"2000-11-05",-0.6148
"2000-11-06",-4.044
"2000-11-07",-5.9756
"2000-11-08",-7.693
"2000-11-09",-5.0005
"2000-11-10",-3.8532
"2000-11-11",-5.0775
"2000-11-12",-8.4639
"2000-11-13",-9.6514
"2000-11-14",-9.2531
"2000-11-15",-6.8658
"2000-11-16",-8.7908
"2000-11-17",-10.606
"2000-11-18",-12.2353
"2000-11-19",-10.1676
"2000-11-20",-6.2505
"2000-11-21",-4.2297
"2000-11-22",-2.4791
"2000-11-23",-3.4196
"2000-11-24",-4.6858
"2000-11-25",-5.9455
"2000-11-26",-5.9585
"2000-11-27",-3.6879
"2000-11-28",-1.7185
"2000-11-29",-1.6303
"2000-11-30",-2.0404
"2000-12-01",-3.6215
"2000-12-02",-3.4858
"2000-12-03",-3.1409
"2000-12-04",-2.5453
"2000-12-05",-2.4993
"2000-12-06",-3.8906
"2000-12-07",-3.5282
"2000-12-08",-1.2107
"2000-12-09",-3.2684
"2000-12-10",-3.2202
"2000-12-11",-5.6825
"2000-12-12",-5.407
"2000-12-13",-7.2647
"2000-12-14",-7.7684
"2000-12-15",-8.0885
"2000-12-16",-8.484
"2000-12-17",-8.1669
"2000-12-18",-11.4932
"2000-12-19",-11.6848
"2000-12-20",-9.7241
"2000-12-21",-8.0461
"2000-12-22",-6.5748
"2000-12-23",-5.9095
"2000-12-24",-5.9124
"2000-12-25",-6.2177
"2000-12-26",-9.071
"2000-12-27",-10.3904
"2000-12-28",-8.9819
"2000-12-29",-9.3317
"2000-12-30",-8.7416
"2000-12-31",-4.5462
"2001-01-01",-8.3837
"2001-01-02",-7.8908
"2001-01-03",-7.7802
"2001-01-04",-6.1365
"2001-01-05",-4.7707
"2001-01-06",-3.9084
"2001-01-07",-4.7091
"2001-01-08",-6.2464
"2001-01-09",-4.3386
"2001-01-10",-4.5055
"2001-01-11",-5.4349
"2001-01-12",-3.6699
"2001-01-13",-7.9922
"2001-01-14",-10.2536
"2001-01-15",-11.1462
"2001-01-16",-8.556
"2001-01-17",-10.5578
"2001-01-18",-13.3489
"2001-01-19",-12.2996
"2001-01-20",-10.6529
"2001-01-21",-9.9073
"2001-01-22",-8.1236
"2001-01-23",-4.7343
"2001-01-24",-7.5822
"2001-01-25",-5.7034
"2001-01-26",-7.6016
"2001-01-27",-5.4681
"2001-01-28",-7.0956
"2001-01-29",-9.8951
"2001-01-30",-11.5395
"2001-01-31",-13.5989
"2001-02-01",-14.95
"2001-02-02",-11.1222
"2001-02-03",-9.5395
"2001-02-04",-6.3689
"2001-02-05",-4.8317
"2001-02-06",-3.3634
"2001-02-07",-1.1094
"2001-02-08",-4.8144
"2001-02-09",-8.0089
"2001-02-10",-6.6736
"2001-02-11",-5.0165
"2001-02-12",-4.5613
"2001-02-13",-2.5717
"2001-02-14",-4.3906
"2001-02-15",-5.9295
"2001-02-16",-5.6449
"2001-02-17",-4.2012
"2001-02-18",0.1186
"2001-02-19",-0.9949
"2001-02-20",0.2429
"2001-02-21",-0.4253
"2001-02-22",1.0521
"2001-02-23",-0.518
"2001-02-24",-4.1622
"2001-02-25",-2.8809
"2001-02-26",-0.9608
"2001-02-27",-0.8482
"2001-02-28",-3.9249
"2001-03-01",-5.1842
"2001-03-02",-4.499
"2001-03-03",-3.1542
"2001-03-04",-3.397
"2001-03-05",-0.0908
"2001-03-06",1.9617
"2001-03-07",1.9392
"2001-03-08",-1.0099
"2001-03-09",-0.4681
"2001-03-10",-1.2964
"2001-03-11",-4.6284
"2001-03-12",-4.7765
"2001-03-13",-3.506
"2001-03-14",-3.6801
"2001-03-15",-6.3724
"2001-03-16",-3.5328
"2001-03-17",-3.672
"2001-03-18",-4.0449
"2001-03-19",-1.6791
"2001-03-20",1.4866
"2001-03-21",3.1071
"2001-03-22",4.5905
"2001-03-23",4.7008
"2001-03-24",4.0631
"2001-03-25",3.4653
"2001-03-26",3.2399
"2001-03-27",0.883
"2001-03-28",-1.3221
"2001-03-29",0.5501
"2001-03-30",-2.0072
"2001-03-31",-0.1013
"2001-04-01",2.9288
"2001-04-02",3.6325
"2001-04-03",1.4806
"2001-04-04",2.4694
"2001-04-05",4.9829
"2001-04-06",0.8094
"2001-04-07",-3.6474
"2001-04-08",0.2452
"2001-04-09",-2.6432
"2001-04-10",-2.9666
"2001-04-11",-5.3385
"2001-04-12",-1.3156
"2001-04-13",-1.933
"2001-04-14",-0.3409
"2001-04-15",1.7777
"2001-04-16",5.0395
"2001-04-17",6.4765
"2001-04-18",6.4364
"2001-04-19",8.6997
"2001-04-20",5.4636
"2001-04-21",2.1656
"2001-04-22",-1.5087
"2001-04-23",-1.8646
"2001-04-24",1.3617
"2001-04-25",5.4643
"2001-04-26",8.6396
"2001-04-27",9.7062
"2001-04-28",8.1387
"2001-04-29",6.5368
"2001-04-30",5.476
"2001-05-01",7.3304
"2001-05-02",5.7776
"2001-05-03",1.0288
"2001-05-04",-0.4652
"2001-05-05",-1.4801
"2001-05-06",2.9665
"2001-05-07",5.4172
"2001-05-08",6.6788
"2001-05-09",9.611
"2001-05-10",9.5023
"2001-05-11",11.2245
"2001-05-12",10.248
"2001-05-13",9.2006
"2001-05-14",9.1623
"2001-05-15",8.2646
"2001-05-16",9.0376
"2001-05-17",10.1314
"2001-05-18",9.0617
"2001-05-19",9.4255
"2001-05-20",6.222
"2001-05-21",6.0338
"2001-05-22",5.8173
"2001-05-23",8.7302
"2001-05-24",11.7221
"2001-05-25",11.9061
"2001-05-26",11.7843
"2001-05-27",10.5043
"2001-05-28",10.1358
"2001-05-29",7.7333
"2001-05-30",10.7753
"2001-05-31",10.9265
"2001-06-01",12.1693
"2001-06-02",12.2014
"2001-06-03",8.9323
"2001-06-04",6.8406
"2001-06-05",6.705
"2001-06-06",10.4407
"2001-06-07",14.49
"2001-06-08",13.6451
"2001-06-09",13.364
"2001-06-10",12.8304
"2001-06-11",11.6849
"2001-06-12",10.2817
"2001-06-13",7.4921
"2001-06-14",0.2877
"2001-06-15",6.2446
"2001-06-16",11.5449
"2001-06-17",12.8838
"2001-06-18",13.2701
"2001-06-19",13.8471
"2001-06-20",14.4723
"2001-06-21",14.5381
"2001-06-22",15.5302
"2001-06-23",15.3339
"2001-06-24",14.742
"2001-06-25",13.5114
"2001-06-26",12.8518
"2001-06-27",11.9648
"2001-06-28",15.0709
"2001-06-29",16.3639
"2001-06-30",17.61
"2001-07-01",18.7399
"2001-07-02",18.2858
"2001-07-03",17.8201
"2001-07-04",16.511
"2001-07-05",16.184
"2001-07-06",15.6561
"2001-07-07",13.8961
"2001-07-08",14.0488
"2001-07-09",15.455
"2001-07-10",15.9444
"2001-07-11",15.102
"2001-07-12",15.728
"2001-07-13",17.3758
"2001-07-14",17.0115
"2001-07-15",14.3681
"2001-07-16",13.0278
"2001-07-17",13.4599
"2001-07-18",13.2919
"2001-07-19",14.3654
"2001-07-20",15.0825
"2001-07-21",14.9447
"2001-07-22",13.9435
"2001-07-23",15.9131
"2001-07-24",15.1779
"2001-07-25",16.0362
"2001-07-26",15.1917
"2001-07-27",15.0306
"2001-07-28",16.4537
"2001-07-29",17.1232
"2001-07-30",15.7013
"2001-07-31",13.1427
"2001-08-01",14.4088
"2001-08-02",13.973
"2001-08-03",14.4775
"2001-08-04",14.8157
"2001-08-05",16.0832
"2001-08-06",16.9461
"2001-08-07",16.9769
"2001-08-08",15.002
"2001-08-09",14.0796
"2001-08-10",13.6905
"2001-08-11",14.4586
"2001-08-12",15.1485
"2001-08-13",14.243
"2001-08-14",13.6064
"2001-08-15",13.7242
"2001-08-16",14.5318
"2001-08-17",15.1648
"2001-08-18",15.2918
"2001-08-19",15.005
"2001-08-20",14.5753
"2001-08-21",12.9774
"2001-08-22",12.5291
"2001-08-23",11.8302
"2001-08-24",13.5369
"2001-08-25",14.3747
"2001-08-26",16.0306
"2001-08-27",15.6802
"2001-08-28",15.7333
"2001-08-29",14.2838
"2001-08-30",13.0513
"2001-08-31",11.8039
"2001-09-01",11.835
"2001-09-02",12.051
"2001-09-03",12.7846
"2001-09-04",13.7819
"2001-09-05",12.8552
"2001-09-06",11.1672
"2001-09-07",6.1549
"2001-09-08",6.5847
"2001-09-09",4.387
"2001-09-10",8.0926
"2001-09-11",10.6849
"2001-09-12",11.2762
"2001-09-13",12.6659
"2001-09-14",11.4599
"2001-09-15",11.5985
"2001-09-16",10.8736
"2001-09-17",11.2389
"2001-09-18",9.413
"2001-09-19",10.042
"2001-09-20",11.2751
"2001-09-21",12.8404
"2001-09-22",11.3787
"2001-09-23",11.4676
"2001-09-24",10.4412
"2001-09-25",10.6987
"2001-09-26",10.4553
"2001-09-27",11.2582
"2001-09-28",10.4367
"2001-09-29",9.3484
"2001-09-30",10.2798
"2001-10-01",8.6893
"2001-10-02",8.6436
"2001-10-03",9.7334
"2001-10-04",7.7468
"2001-10-05",7.6854
"2001-10-06",6.6694
"2001-10-07",7.8374
"2001-10-08",5.2865
"2001-10-09",4.1794
"2001-10-10",1.0366
"2001-10-11",-1.1599
"2001-10-12",0.0396
"2001-10-13",-2.6571
"2001-10-14",1.153
"2001-10-15",3.8073
"2001-10-16",4.5171
"2001-10-17",5.1645
"2001-10-18",5.3544
"2001-10-19",4.1428
"2001-10-20",4.6405
"2001-10-21",5.2474
"2001-10-22",5.9685
"2001-10-23",2.6066
"2001-10-24",0.6031
"2001-10-25",0.3417
"2001-10-26",3.14
"2001-10-27",4.5834
"2001-10-28",6.7139
"2001-10-29",5.2267
"2001-10-30",5.9911
"2001-10-31",6.8096
"2001-11-01",4.0171
"2001-11-02",1.953
"2001-11-03",2.4979
"2001-11-04",3.3286
"2001-11-05",6.4433
"2001-11-06",3.8829
"2001-11-07",3.0996
"2001-11-08",3.5576
"2001-11-09",2.0085
"2001-11-10",1.204
"2001-11-11",2.2485
"2001-11-12",2.3296
"2001-11-13",1.5855
"2001-11-14",-2.3877
"2001-11-15",-1.5734
"2001-11-16",0.8653
"2001-11-17",2.2094
"2001-11-18",0.5782
"2001-11-19",-1.692
"2001-11-20",-3.0882
"2001-11-21",-3.5595
"2001-11-22",-1.0867
"2001-11-23",-4.1591
"2001-11-24",-7.0055
"2001-11-25",-5.7304
"2001-11-26",-11.0705
"2001-11-27",-12.5833
"2001-11-28",-14.7071
"2001-11-29",-11.2945
"2001-11-30",-5.4911
"2001-12-01",-7.4129
"2001-12-02",-2.8244
"2001-12-03",-1.639
"2001-12-04",-1.2849
"2001-12-05",-6.0071
"2001-12-06",-7.0091
"2001-12-07",-6.3085
"2001-12-08",-9.2808
"2001-12-09",-8.5441
"2001-12-10",-7.6161
"2001-12-11",-6.4889
"2001-12-12",-7.8465
"2001-12-13",-11.6035
"2001-12-14",-10.4706
"2001-12-15",-7.5068
"2001-12-16",-12.3304
"2001-12-17",-11.3201
"2001-12-18",-9.5908
"2001-12-19",-9.6993
"2001-12-20",-6.9874
"2001-12-21",-6.8424
"2001-12-22",-9.7953
"2001-12-23",-11.8034
"2001-12-24",-10.4836
"2001-12-25",-11.6862
"2001-12-26",-11.4834
"2001-12-27",-8.8107
"2001-12-28",-8.9636
"2001-12-29",-4.433
"2001-12-30",-4.1529
"2001-12-31",-4.9736
"2002-01-01",-7.1169
"2002-01-02",-9.0988
"2002-01-03",-8.7008
"2002-01-04",-7.929
"2002-01-05",-10.5306
"2002-01-06",-8.793
"2002-01-07",-6.0377
"2002-01-08",-4.3602
"2002-01-09",-3.0845
"2002-01-10",-4.4009
"2002-01-11",-5.9919
"2002-01-12",-5.6789
"2002-01-13",-6.235
"2002-01-14",-7.3577
"2002-01-15",-3.9818
"2002-01-16",-3.49
"2002-01-17",-5.9742
"2002-01-18",-8.6539
"2002-01-19",-11.8835
"2002-01-20",-11.0246
"2002-01-21",-10.9187
"2002-01-22",-7.411
"2002-01-23",-10.8714
"2002-01-24",-14.6453
"2002-01-25",-11.7777
"2002-01-26",-7.8254
"2002-01-27",-5.1737
"2002-01-28",-3.6688
"2002-01-29",-3.9251
"2002-01-30",-9.8409
"2002-01-31",-16.2836
"2002-02-01",-15.9676
"2002-02-02",-12.4621
"2002-02-03",-11.939
"2002-02-04",-11.3482
"2002-02-05",-12.794
"2002-02-06",-12.4798
"2002-02-07",-9.958
"2002-02-08",-7.2807
"2002-02-09",-9.4088
"2002-02-10",-11.4822
"2002-02-11",-8.1817
"2002-02-12",-6.471
"2002-02-13",-6.9499
"2002-02-14",-3.9538
"2002-02-15",-5.2499
"2002-02-16",-4.5346
"2002-02-17",-2.4309
"2002-02-18",-2.5889
"2002-02-19",-5.1945
"2002-02-20",-4.3622
"2002-02-21",-3.6711
"2002-02-22",-3.4578
"2002-02-23",-1.5069
"2002-02-24",-1.5537
"2002-02-25",-3.9393
"2002-02-26",-7.264
"2002-02-27",-6.6938
"2002-02-28",-5.9401
"2002-03-01",-9.8858
"2002-03-02",-14.0391
"2002-03-03",-15.9542
"2002-03-04",-12.0682
"2002-03-05",-6.9527
"2002-03-06",-3.7889
"2002-03-07",-0.4817
"2002-03-08",-5.5147
"2002-03-09",-9.2722
"2002-03-10",-3.6142
"2002-03-11",-2.4894
"2002-03-12",-1.764
"2002-03-13",0.1046
"2002-03-14",-4.646
"2002-03-15",-6.3742
"2002-03-16",-7.023
"2002-03-17",-6.4801
"2002-03-18",-4.1645
"2002-03-19",-6.5024
"2002-03-20",-3.9749
"2002-03-21",-0.0178
"2002-03-22",1.7099
"2002-03-23",1.3926
"2002-03-24",-1.3879
"2002-03-25",-3.2468
"2002-03-26",-2.2449
"2002-03-27",1.3911
"2002-03-28",2.4759
"2002-03-29",1.9564
"2002-03-30",-0.9288
"2002-03-31",1.4749
"2002-04-01",5.5064
"2002-04-02",4.6356
"2002-04-03",4.4134
"2002-04-04",4.7557
"2002-04-05",6.7738
"2002-04-06",4.3368
"2002-04-07",2.3324
"2002-04-08",1.8048
"2002-04-09",5.8673
"2002-04-10",5.4727
"2002-04-11",4.1219
"2002-04-12",6.9659
"2002-04-13",5.7736
"2002-04-14",6.6718
"2002-04-15",7.2962
"2002-04-16",2.82
"2002-04-17",2.2568
"2002-04-18",1.0488
"2002-04-19",0.4382
"2002-04-20",-0.1465
"2002-04-21",-1.1981
"2002-04-22",1.9035
"2002-04-23",4.6997
"2002-04-24",5.7767
"2002-04-25",8.5133
"2002-04-26",5.5831
"2002-04-27",-0.4954
"2002-04-28",0.1413
"2002-04-29",5.8374
"2002-04-30",6.1135
"2002-05-01",2.3693
"2002-05-02",0.1844
"2002-05-03",0.8306
"2002-05-04",4.0082
"2002-05-05",5.1178
"2002-05-06",5.6154
"2002-05-07",5.6186
"2002-05-08",4.6622
"2002-05-09",2.9649
"2002-05-10",6.1837
"2002-05-11",4.8138
"2002-05-12",2.7861
"2002-05-13",5.4771
"2002-05-14",9.0945
"2002-05-15",7.9914
"2002-05-16",7.5896
"2002-05-17",9.7004
"2002-05-18",9.5001
"2002-05-19",9.9844
"2002-05-20",9.4485
"2002-05-21",6.1694
"2002-05-22",0.256
"2002-05-23",3.2714
"2002-05-24",3.5873
"2002-05-25",6.676
"2002-05-26",8.3003
"2002-05-27",9.7693
"2002-05-28",9.9218
"2002-05-29",12.4003
"2002-05-30",15.2742
"2002-05-31",15.1891
"2002-06-01",15.6117
"2002-06-02",10.9028
"2002-06-03",10.7529
"2002-06-04",7.9651
"2002-06-05",7.9248
"2002-06-06",12.5993
"2002-06-07",13.6031
"2002-06-08",12.65
"2002-06-09",11.4047
"2002-06-10",8.9558
"2002-06-11",9.1335
"2002-06-12",11.0446
"2002-06-13",12.4239
"2002-06-14",13.5009
"2002-06-15",12.6346
"2002-06-16",12.9777
"2002-06-17",13.5577
"2002-06-18",13.7383
"2002-06-19",13.163
"2002-06-20",13.5331
"2002-06-21",13.6464
"2002-06-22",12.5341
"2002-06-23",12.7769
"2002-06-24",14.8537
"2002-06-25",14.6006
"2002-06-26",15.9569
"2002-06-27",15.9807
"2002-06-28",15.7556
"2002-06-29",15.0602
"2002-06-30",15.7321
"2002-07-01",17.1984
"2002-07-02",17.0258
"2002-07-03",17.1664
"2002-07-04",14.8854
"2002-07-05",15.1998
"2002-07-06",16.2959
"2002-07-07",16.4805
"2002-07-08",17.1312
"2002-07-09",17.7504
"2002-07-10",17.2534
"2002-07-11",17.0283
"2002-07-12",17.641
"2002-07-13",18.0207
"2002-07-14",17.4357
"2002-07-15",17.6873
"2002-07-16",16.4687
"2002-07-17",15.3094
"2002-07-18",15.6523
"2002-07-19",15.5569
"2002-07-20",16.2644
"2002-07-21",16.5614
"2002-07-22",17.1196
"2002-07-23",15.0688
"2002-07-24",15.9102
"2002-07-25",17.5738
"2002-07-26",16.364
"2002-07-27",15.8252
"2002-07-28",14.4706
"2002-07-29",14.3382
"2002-07-30",16.578
"2002-07-31",16.7194
"2002-08-01",18.0699
"2002-08-02",17.1444
"2002-08-03",14.7652
"2002-08-04",13.518
"2002-08-05",14.6344
"2002-08-06",13.9527
"2002-08-07",12.1572
"2002-08-08",13.4619
"2002-08-09",15.65
"2002-08-10",15.4955
"2002-08-11",15.7579
"2002-08-12",15.8502
"2002-08-13",14.2932
"2002-08-14",15.015
"2002-08-15",14.2397
"2002-08-16",15.3682
"2002-08-17",15.78
"2002-08-18",16.5157
"2002-08-19",15.8629
"2002-08-20",14.3455
"2002-08-21",11.8946
"2002-08-22",11.482
"2002-08-23",11.435
"2002-08-24",10.5144
"2002-08-25",11.7325
"2002-08-26",12.5394
"2002-08-27",12.0075
"2002-08-28",13.8566
"2002-08-29",13.9585
"2002-08-30",11.9201
"2002-08-31",13.9662
"2002-09-01",15.4032
"2002-09-02",16.1722
"2002-09-03",15.5141
"2002-09-04",14.3315
"2002-09-05",15.5442
"2002-09-06",15.6343
"2002-09-07",10.879
"2002-09-08",8.7423
"2002-09-09",11.3472
"2002-09-10",9.433
"2002-09-11",7.9842
"2002-09-12",8.4917
"2002-09-13",9.1561
"2002-09-14",8.0371
"2002-09-15",9.6027
"2002-09-16",8.4048
"2002-09-17",10.1386
"2002-09-18",8.915
"2002-09-19",4.1958
"2002-09-20",6.7205
"2002-09-21",9.3429
"2002-09-22",10.1293
"2002-09-23",11.4101
"2002-09-24",10.8417
"2002-09-25",12.4092
"2002-09-26",11.6876
"2002-09-27",9.7131
"2002-09-28",9.7129
"2002-09-29",7.7353
"2002-09-30",4.806
"2002-10-01",4.6704
"2002-10-02",3.7609
"2002-10-03",1.2311
"2002-10-04",0.6165
"2002-10-05",3.124
"2002-10-06",4.1333
"2002-10-07",4.7375
"2002-10-08",5.5646
"2002-10-09",6.0067
"2002-10-10",5.9008
"2002-10-11",5.9675
"2002-10-12",6.2982
"2002-10-13",4.5763
"2002-10-14",4.6393
"2002-10-15",5.1883
"2002-10-16",5.2739
"2002-10-17",4.5279
"2002-10-18",3.5034
"2002-10-19",2.1015
"2002-10-20",3.3413
"2002-10-21",5.3555
"2002-10-22",2.7702
"2002-10-23",3.4504
"2002-10-24",2.1021
"2002-10-25",0.6675
"2002-10-26",2.591
"2002-10-27",1.4678
"2002-10-28",-0.455
"2002-10-29",-0.6836
"2002-10-30",-2.9419
"2002-10-31",-0.5264
"2002-11-01",0.7383
"2002-11-02",1.6909
"2002-11-03",-3.7954
"2002-11-04",-0.651
"2002-11-05",-4.2493
"2002-11-06",-2.033
"2002-11-07",-0.9075
"2002-11-08",3.0452
"2002-11-09",3.4209
"2002-11-10",-0.273
"2002-11-11",-2.7068
"2002-11-12",-5.3417
"2002-11-13",-2.5397
"2002-11-14",-3.3734
"2002-11-15",-5.1263
"2002-11-16",-6.1102
"2002-11-17",-3.7367
"2002-11-18",-4.5836
"2002-11-19",-3.9788
"2002-11-20",-4.33
"2002-11-21",-1.4735
"2002-11-22",-0.064
"2002-11-23",-0.2276
"2002-11-24",-1.6643
"2002-11-25",-2.829
"2002-11-26",-6.212
"2002-11-27",-7.1716
"2002-11-28",-6.0232
"2002-11-29",-3.378
"2002-11-30",-0.8197
"2002-12-01",-2.1977
"2002-12-02",-3.584
"2002-12-03",-1.2102
"2002-12-04",-5.01
"2002-12-05",-5.6474
"2002-12-06",-5.9066
"2002-12-07",-5.775
"2002-12-08",-4.6269
"2002-12-09",-5.6523
"2002-12-10",-5.9495
"2002-12-11",-6.6217
"2002-12-12",-7.9248
"2002-12-13",-6.0839
"2002-12-14",-5.299
"2002-12-15",-2.5783
"2002-12-16",-3.7342
"2002-12-17",-4.2909
"2002-12-18",-7.1957
"2002-12-19",-10.8941
"2002-12-20",-11.235
"2002-12-21",-10.8799
"2002-12-22",-9.8752
"2002-12-23",-7.6936
"2002-12-24",-9.4378
"2002-12-25",-11.1157
"2002-12-26",-12.8914
"2002-12-27",-11.7543
"2002-12-28",-9.7351
"2002-12-29",-7.5954
"2002-12-30",-10.5911
"2002-12-31",-7.715
"2003-01-01",-9.3709
"2003-01-02",-10.1762
"2003-01-03",-8.6026
"2003-01-04",-7.1794
"2003-01-05",-6.9758
"2003-01-06",-3.9394
"2003-01-07",-4.2253
"2003-01-08",-3.3965
"2003-01-09",-2.7409
"2003-01-10",-2.5848
"2003-01-11",-2.0996
"2003-01-12",-4.0954
"2003-01-13",-3.1722
"2003-01-14",-2.7664
"2003-01-15",-2.9338
"2003-01-16",-4.6088
"2003-01-17",-4.1779
"2003-01-18",-4.9832
"2003-01-19",-3.5665
"2003-01-20",-2.3904
"2003-01-21",-1.3758
"2003-01-22",-2.3687
"2003-01-23",-2.3127
"2003-01-24",-0.6074
"2003-01-25",-1.8261
"2003-01-26",-3.4708
"2003-01-27",-1.4739
"2003-01-28",-1.1679
"2003-01-29",-1.2642
"2003-01-30",-1.6974
"2003-01-31",-0.1876
"2003-02-01",0.4983
"2003-02-02",-1.7284
"2003-02-03",-6.1876
"2003-02-04",-7.3944
"2003-02-05",-6.9412
"2003-02-06",-10.2837
"2003-02-07",-11.6774
"2003-02-08",-9.6779
"2003-02-09",-9.3471
"2003-02-10",-9.2019
"2003-02-11",-5.5283
"2003-02-12",-2.6129
"2003-02-13",1.2877
"2003-02-14",0.1201
"2003-02-15",-2.1862
"2003-02-16",-1.1524
"2003-02-17",-0.2788
"2003-02-18",0.5223
"2003-02-19",-4.2615
"2003-02-20",-5.1072
"2003-02-21",-5.666
"2003-02-22",-3.9383
"2003-02-23",-6.1923
"2003-02-24",-2.875
"2003-02-25",-1.0731
"2003-02-26",-1.5098
"2003-02-27",-3.5255
"2003-02-28",-4.9487
"2003-03-01",-6.0564
"2003-03-02",-7.1419
"2003-03-03",-7.8271
"2003-03-04",-3.9255
"2003-03-05",-5.1796
"2003-03-06",-5.9505
"2003-03-07",-3.3356
"2003-03-08",-0.893
"2003-03-09",0.571
"2003-03-10",2.1611
"2003-03-11",2.5969
"2003-03-12",2.2559
"2003-03-13",3.9061
"2003-03-14",3.0869
"2003-03-15",1.8236
"2003-03-16",3.7826
"2003-03-17",-0.7612
"2003-03-18",-2.2347
"2003-03-19",-2.4368
"2003-03-20",-1.576
"2003-03-21",-1.3215
"2003-03-22",-3.9126
"2003-03-23",0.6323
"2003-03-24",1.8897
"2003-03-25",-0.1621
"2003-03-26",0.8365
"2003-03-27",-2.2755
"2003-03-28",-6.5585
"2003-03-29",-7.1418
"2003-03-30",-4.0429
"2003-03-31",1.1956
"2003-04-01",2.8828
"2003-04-02",2.9116
"2003-04-03",-1.7434
"2003-04-04",-4.5059
"2003-04-05",-3.1111
"2003-04-06",-5.3894
"2003-04-07",-3.6946
"2003-04-08",-3.8756
"2003-04-09",0.0053
"2003-04-10",4.1135
"2003-04-11",4.8166
"2003-04-12",4.4919
"2003-04-13",5.2108
"2003-04-14",4.1429
"2003-04-15",-0.172
"2003-04-16",-4.0787
"2003-04-17",3.248
"2003-04-18",-1.7696
"2003-04-19",-0.501
"2003-04-20",1.3307
"2003-04-21",3.6817
"2003-04-22",2.9227
"2003-04-23",-1.557
"2003-04-24",-1.8528
"2003-04-25",2.3738
"2003-04-26",3.2958
"2003-04-27",3.8699
"2003-04-28",4.434
"2003-04-29",4.0349
"2003-04-30",0.783
"2003-05-01",0.5404
"2003-05-02",4.1499
"2003-05-03",4.8611
"2003-05-04",1.7148
"2003-05-05",0.9752
"2003-05-06",5.3093
"2003-05-07",3.7919
"2003-05-08",1.5184
"2003-05-09",0.8687
"2003-05-10",-2.1185
"2003-05-11",0.8981
"2003-05-12",5.4079
"2003-05-13",8.2795
"2003-05-14",10.3467
"2003-05-15",9.3764
"2003-05-16",6.713
"2003-05-17",10.8583
"2003-05-18",10.9976
"2003-05-19",8.0108
"2003-05-20",8.6603
"2003-05-21",9.3385
"2003-05-22",12.9786
"2003-05-23",14.6997
"2003-05-24",13.5671
"2003-05-25",12.4439
"2003-05-26",12.0033
"2003-05-27",13.943
"2003-05-28",15.1946
"2003-05-29",14.4971
"2003-05-30",14.6233
"2003-05-31",14.3365
"2003-06-01",13.7074
"2003-06-02",14.2847
"2003-06-03",13.8851
"2003-06-04",12.6168
"2003-06-05",10.7833
"2003-06-06",10.115
"2003-06-07",10.9604
"2003-06-08",12.9647
"2003-06-09",13.809
"2003-06-10",12.3282
"2003-06-11",8.3923
"2003-06-12",9.1422
"2003-06-13",10.3834
"2003-06-14",12.4593
"2003-06-15",13.7337
"2003-06-16",14.0433
"2003-06-17",14.9044
"2003-06-18",15.0908
"2003-06-19",14.2972
"2003-06-20",11.2552
"2003-06-21",8.8561
"2003-06-22",9.4009
"2003-06-23",9.637
"2003-06-24",9.4144
"2003-06-25",7.634
"2003-06-26",8.8154
"2003-06-27",12.1083
"2003-06-28",14.7461
"2003-06-29",15.4293
"2003-06-30",13.6213
"2003-07-01",14.2476
"2003-07-02",12.8193
"2003-07-03",13.2259
"2003-07-04",15.1863
"2003-07-05",17.2031
"2003-07-06",16.3856
"2003-07-07",14.0982
"2003-07-08",13.9005
"2003-07-09",15.184
"2003-07-10",16.149
"2003-07-11",17.1444
"2003-07-12",17.932
"2003-07-13",19.8479
"2003-07-14",19.6934
"2003-07-15",20.2615
"2003-07-16",18.4334
"2003-07-17",17.5556
"2003-07-18",15.5833
"2003-07-19",16.3704
"2003-07-20",17.7172
"2003-07-21",18.8576
"2003-07-22",18.2105
"2003-07-23",18.6741
"2003-07-24",18.6008
"2003-07-25",17.6797
"2003-07-26",16.3593
"2003-07-27",17.4823
"2003-07-28",17.9496
"2003-07-29",16.295
"2003-07-30",16.923
"2003-07-31",16.1586
"2003-08-01",16.2264
"2003-08-02",14.9517
"2003-08-03",15.0266
"2003-08-04",14.1848
"2003-08-05",14.579
"2003-08-06",15.9468
"2003-08-07",18.4724
"2003-08-08",17.8815
"2003-08-09",17.499
"2003-08-10",18.4729
"2003-08-11",19.0313
"2003-08-12",18.7701
"2003-08-13",17.4962
"2003-08-14",17.1016
"2003-08-15",15.048
"2003-08-16",12.3366
"2003-08-17",11.7209
"2003-08-18",14.3385
"2003-08-19",15.6948
"2003-08-20",14.6284
"2003-08-21",15.6959
"2003-08-22",17.5534
"2003-08-23",16.5188
"2003-08-24",15.3157
"2003-08-25",15.9701
"2003-08-26",15.5846
"2003-08-27",15.2685
"2003-08-28",14.9275
"2003-08-29",14.8949
"2003-08-30",14.2917
"2003-08-31",13.9464
"2003-09-01",14.4566
"2003-09-02",16.2458
"2003-09-03",15.6057
"2003-09-04",14.9903
"2003-09-05",13.9074
"2003-09-06",12.6703
"2003-09-07",11.3939
"2003-09-08",11.4268
"2003-09-09",11.4677
"2003-09-10",8.4267
"2003-09-11",4.602
"2003-09-12",6.6005
"2003-09-13",9.7358
"2003-09-14",7.5007
"2003-09-15",10.0466
"2003-09-16",9.9104
"2003-09-17",9.1344
"2003-09-18",3.6039
"2003-09-19",5.8988
"2003-09-20",9.0678
"2003-09-21",8.2928
"2003-09-22",9.2746
"2003-09-23",9.7661
"2003-09-24",11.4329
"2003-09-25",10.712
"2003-09-26",9.1346
"2003-09-27",10.2141
"2003-09-28",11.2399
"2003-09-29",10.5488
"2003-09-30",9.9476
"2003-10-01",10.6329
"2003-10-02",11.706
"2003-10-03",9.6263
"2003-10-04",6.2987
"2003-10-05",5.0582
"2003-10-06",7.1316
"2003-10-07",7.7895
"2003-10-08",4.8215
"2003-10-09",8.2695
"2003-10-10",8.5731
"2003-10-11",5.9963
"2003-10-12",6.0595
"2003-10-13",5.8649
"2003-10-14",1.3673
"2003-10-15",4.5597
"2003-10-16",5.4593
"2003-10-17",7.1269
"2003-10-18",8.0448
"2003-10-19",8.5943
"2003-10-20",9.1078
"2003-10-21",7.6477
"2003-10-22",9.0319
"2003-10-23",8.684
"2003-10-24",5.2739
"2003-10-25",-0.5589
"2003-10-26",-4.7684
"2003-10-27",-0.5519
"2003-10-28",1.8805
"2003-10-29",3.844
"2003-10-30",1.8763
"2003-10-31",2.3248
"2003-11-01",4.5189
"2003-11-02",2.7087
"2003-11-03",0.207
"2003-11-04",-3.6932
"2003-11-05",-4.3667
"2003-11-06",-2.6588
"2003-11-07",1.3737
"2003-11-08",2.8622
"2003-11-09",3.3156
"2003-11-10",4.8719
"2003-11-11",3.1402
"2003-11-12",1.4768
"2003-11-13",2.2379
"2003-11-14",-0.5888
"2003-11-15",-2.1582
"2003-11-16",-3.4463
"2003-11-17",-1.9201
"2003-11-18",-4.3543
"2003-11-19",-2.3841
"2003-11-20",-1.2955
"2003-11-21",-1.0384
"2003-11-22",-9.0347
"2003-11-23",-12.7749
"2003-11-24",-11.21
"2003-11-25",-3.4639
"2003-11-26",-6.041
"2003-11-27",-8.9293
"2003-11-28",-9.5241
"2003-11-29",-3.6607
"2003-11-30",-0.7167
"2003-12-01",-1.1658
"2003-12-02",-1.0304
"2003-12-03",-3.2154
"2003-12-04",-2.4586
"2003-12-05",-4.3578
"2003-12-06",-0.6806
"2003-12-07",1.2697
"2003-12-08",-3.6376
"2003-12-09",-8.426
"2003-12-10",-8.2319
"2003-12-11",-6.6862
"2003-12-12",-7.4103
"2003-12-13",-8.7301
"2003-12-14",-5.8783
"2003-12-15",-10.6513
"2003-12-16",-13.524
"2003-12-17",-12.114
"2003-12-18",-8.8892
"2003-12-19",-6.5068
"2003-12-20",-4.7847
"2003-12-21",-2.54
"2003-12-22",-6.7571
"2003-12-23",-7.8587
"2003-12-24",-6.0339
"2003-12-25",-4.5869
"2003-12-26",-5.0513
"2003-12-27",-10.9789
"2003-12-28",-15.1287
"2003-12-29",-14.6082
"2003-12-30",-8.3224
"2003-12-31",-3.7839
"2004-01-01",-4.4524
"2004-01-02",-2.463
"2004-01-03",-3.7868
"2004-01-04",-10.2616
"2004-01-05",-12.3696
"2004-01-06",-13.1756
"2004-01-07",-6.5432
"2004-01-08",-5.4343
"2004-01-09",-5.7252
"2004-01-10",-5.5616
"2004-01-11",-5.3322
"2004-01-12",-3.6365
"2004-01-13",-3.9327
"2004-01-14",-5.7477
"2004-01-15",-4.477
"2004-01-16",-5.4859
"2004-01-17",-6.0222
"2004-01-18",-6.4147
"2004-01-19",-5.8799
"2004-01-20",-4.1672
"2004-01-21",-5.9001
"2004-01-22",-7.6107
"2004-01-23",-7.815
"2004-01-24",-5.5794
"2004-01-25",-7.6429
"2004-01-26",-12.2969
"2004-01-27",-11.4915
"2004-01-28",-9.035
"2004-01-29",-8.1325
"2004-01-30",-5.7121
"2004-01-31",-4.6206
"2004-02-01",-9.1922
"2004-02-02",-10.155
"2004-02-03",-5.6625
"2004-02-04",-6.7148
"2004-02-05",-8.5587
"2004-02-06",-11.2258
"2004-02-07",-11.484
"2004-02-08",-10.0554
"2004-02-09",-10.8561
"2004-02-10",-9.7134
"2004-02-11",-9.7604
"2004-02-12",-12.6767
"2004-02-13",-14.4526
"2004-02-14",-11.8126
"2004-02-15",-8.5483
"2004-02-16",-5.8321
"2004-02-17",-3.611
"2004-02-18",-0.7701
"2004-02-19",-0.2586
"2004-02-20",-3.2297
"2004-02-21",-0.8242
"2004-02-22",-1.0813
"2004-02-23",-1.3372
"2004-02-24",-2.3081
"2004-02-25",-2.1209
"2004-02-26",-1.6581
"2004-02-27",0.8201
"2004-02-28",-3.8979
"2004-02-29",-6.1238
"2004-03-01",-7.1465
"2004-03-02",-3.62
"2004-03-03",-2.8724
"2004-03-04",-2.0714
"2004-03-05",-4.2954
"2004-03-06",-4.7324
"2004-03-07",-2.6061
"2004-03-08",-0.9349
"2004-03-09",0.1124
"2004-03-10",3.4049
"2004-03-11",0.634
"2004-03-12",1.8073
"2004-03-13",2.5695
"2004-03-14",1.5664
"2004-03-15",1.6087
"2004-03-16",-0.7948
"2004-03-17",0.6012
"2004-03-18",1.0768
"2004-03-19",4.9562
"2004-03-20",7.4246
"2004-03-21",5.8423
"2004-03-22",6.9259
"2004-03-23",7.9158
"2004-03-24",6.7575
"2004-03-25",5.1976
"2004-03-26",4.0646
"2004-03-27",0.8793
"2004-03-28",-3.0643
"2004-03-29",-2.5596
"2004-03-30",1.1014
"2004-03-31",5.1435
"2004-04-01",6.7113
"2004-04-02",4.9073
"2004-04-03",1.996
"2004-04-04",1.4996
"2004-04-05",1.163
"2004-04-06",1.7459
"2004-04-07",2.9736
"2004-04-08",2.4434
"2004-04-09",2.2231
"2004-04-10",0.2788
"2004-04-11",-1.5654
"2004-04-12",-1.2058
"2004-04-13",2.785
"2004-04-14",3.2174
"2004-04-15",2.3318
"2004-04-16",3.2707
"2004-04-17",4.4414
"2004-04-18",1.0924
"2004-04-19",-0.033
"2004-04-20",-0.2355
"2004-04-21",1.3873
"2004-04-22",2.1511
"2004-04-23",2.1246
"2004-04-24",1.4846
"2004-04-25",2.2851
"2004-04-26",2.6457
"2004-04-27",6.7954
"2004-04-28",7.5203
"2004-04-29",5.0959
"2004-04-30",1.154
"2004-05-01",0.9322
"2004-05-02",5.1754
"2004-05-03",7.9609
"2004-05-04",10.2016
"2004-05-05",10.7276
"2004-05-06",8.9794
"2004-05-07",8.8151
"2004-05-08",10.4437
"2004-05-09",10.4921
"2004-05-10",10.5612
"2004-05-11",7.9954
"2004-05-12",4.8991
"2004-05-13",2.0729
"2004-05-14",4.1654
"2004-05-15",7.401
"2004-05-16",8.1576
"2004-05-17",9.2683
"2004-05-18",8.5517
"2004-05-19",8.6829
"2004-05-20",9.2691
"2004-05-21",8.0601
"2004-05-22",6.1021
"2004-05-23",4.4477
"2004-05-24",5.1095
"2004-05-25",6.3694
"2004-05-26",5.9188
"2004-05-27",6.4537
"2004-05-28",9.4763
"2004-05-29",7.814
"2004-05-30",4.0419
"2004-05-31",6.3241
"2004-06-01",10.0643
"2004-06-02",11.531
"2004-06-03",13.1576
"2004-06-04",12.7391
"2004-06-05",13.3952
"2004-06-06",13.9102
"2004-06-07",12.2541
"2004-06-08",10.4985
"2004-06-09",10.4488
"2004-06-10",5.2384
"2004-06-11",5.916
"2004-06-12",7.917
"2004-06-13",9.9187
"2004-06-14",13.4173
"2004-06-15",13.7339
"2004-06-16",11.8343
"2004-06-17",11.777
"2004-06-18",11.5878
"2004-06-19",12.3218
"2004-06-20",11.3681
"2004-06-21",11.2745
"2004-06-22",11.0584
"2004-06-23",12.222
"2004-06-24",13.2248
"2004-06-25",15.0086
"2004-06-26",14.3707
"2004-06-27",14.3446
"2004-06-28",14.8471
"2004-06-29",12.8101
"2004-06-30",10.7104
"2004-07-01",9.7376
"2004-07-02",11.0922
"2004-07-03",12.4023
"2004-07-04",9.8071
"2004-07-05",11.899
"2004-07-06",14.4151
"2004-07-07",15.9759
"2004-07-08",13.7051
"2004-07-09",13.9612
"2004-07-10",14.3751
"2004-07-11",15.2597
"2004-07-12",17.9263
"2004-07-13",16.8227
"2004-07-14",15.9175
"2004-07-15",16.2556
"2004-07-16",16.8132
"2004-07-17",16.3456
"2004-07-18",16.0231
"2004-07-19",16.4755
"2004-07-20",16.4441
"2004-07-21",16.233
"2004-07-22",17.7217
"2004-07-23",16.6447
"2004-07-24",15.6564
"2004-07-25",12.8247
"2004-07-26",13.3952
"2004-07-27",14.4843
"2004-07-28",12.7017
"2004-07-29",14.2078
"2004-07-30",14.7176
"2004-07-31",16.2061
"2004-08-01",17.9328
"2004-08-02",15.3748
"2004-08-03",12.0416
"2004-08-04",16.4553
"2004-08-05",17.0868
"2004-08-06",14.5588
"2004-08-07",14.2866
"2004-08-08",15.2613
"2004-08-09",15.457
"2004-08-10",15.8227
"2004-08-11",16.2166
"2004-08-12",16.2195
"2004-08-13",15.6963
"2004-08-14",12.7861
"2004-08-15",14.2118
"2004-08-16",13.7357
"2004-08-17",13.1729
"2004-08-18",12.0439
"2004-08-19",11.8218
"2004-08-20",11.8425
"2004-08-21",12.495
"2004-08-22",12.0311
"2004-08-23",10.6299
"2004-08-24",9.2084
"2004-08-25",8.1234
"2004-08-26",10.5938
"2004-08-27",10.4454
"2004-08-28",11.1778
"2004-08-29",12.6721
"2004-08-30",13.2272
"2004-08-31",14.389
"2004-09-01",14.231
"2004-09-02",13.3482
"2004-09-03",12.7268
"2004-09-04",10.3997
"2004-09-05",5.2386
"2004-09-06",8.7592
"2004-09-07",10.2587
"2004-09-08",11.6048
"2004-09-09",13.148
"2004-09-10",13.5272
"2004-09-11",15.1271
"2004-09-12",14.1157
"2004-09-13",12.2866
"2004-09-14",11.3876
"2004-09-15",8.0779
"2004-09-16",9.8675
"2004-09-17",10.7816
"2004-09-18",11.7143
"2004-09-19",6.8437
"2004-09-20",6.5345
"2004-09-21",4.844
"2004-09-22",0.1705
"2004-09-23",2.0751
"2004-09-24",5.5194
"2004-09-25",6.8196
"2004-09-26",7.212
"2004-09-27",8.4902
"2004-09-28",8.5787
"2004-09-29",6.6695
"2004-09-30",5.55
"2004-10-01",6.784
"2004-10-02",5.4963
"2004-10-03",7.4587
"2004-10-04",8.4222
"2004-10-05",6.8687
"2004-10-06",6.5332
"2004-10-07",6.5688
"2004-10-08",6.8871
"2004-10-09",7.0486
"2004-10-10",6.67
"2004-10-11",6.5588
"2004-10-12",4.8112
"2004-10-13",5.1752
"2004-10-14",1.0502
"2004-10-15",4.7632
"2004-10-16",6.0148
"2004-10-17",6.6994
"2004-10-18",3.6265
"2004-10-19",4.1034
"2004-10-20",5.275
"2004-10-21",4.2216
"2004-10-22",1.1656
"2004-10-23",-1.9375
"2004-10-24",0.1756
"2004-10-25",2.7843
"2004-10-26",1.9922
"2004-10-27",4.1613
"2004-10-28",2.0766
"2004-10-29",-2.088
"2004-10-30",-2.3534
"2004-10-31",-1.4657
"2004-11-01",-5.6198
"2004-11-02",-7.6222
"2004-11-03",-3.6724
"2004-11-04",-1.6025
"2004-11-05",-0.0923
"2004-11-06",2.2819
"2004-11-07",4.5004
"2004-11-08",4.8013
"2004-11-09",0.9922
"2004-11-10",-1.9941
"2004-11-11",-0.7913
"2004-11-12",1.1567
"2004-11-13",-0.625
"2004-11-14",-2.3756
"2004-11-15",-3.1419
"2004-11-16",1.2393
"2004-11-17",-0.3095
"2004-11-18",0.2223
"2004-11-19",-0.2535
"2004-11-20",-0.8699
"2004-11-21",-0.0312
"2004-11-22",-0.6552
"2004-11-23",-3.0536
"2004-11-24",-5.12
"2004-11-25",-4.2468
"2004-11-26",-2.5057
"2004-11-27",-3.8716
"2004-11-28",-5.2092
"2004-11-29",-11.1391
"2004-11-30",-12.3262
"2004-12-01",-10.6589
"2004-12-02",-10.9823
"2004-12-03",-10.0949
"2004-12-04",-8.947
"2004-12-05",-4.8099
"2004-12-06",-4.6528
"2004-12-07",-6.4652
"2004-12-08",-4.406
"2004-12-09",-4.215
"2004-12-10",-3.32
"2004-12-11",-2.49
"2004-12-12",-1.6724
"2004-12-13",-2.106
"2004-12-14",-3.5504
"2004-12-15",-3.5489
"2004-12-16",-5.4674
"2004-12-17",-7.0132
"2004-12-18",-5.8563
"2004-12-19",-4.4973
"2004-12-20",-4.2225
"2004-12-21",-4.726
"2004-12-22",-8.8347
"2004-12-23",-12.6795
"2004-12-24",-15.5444
"2004-12-25",-11.5482
"2004-12-26",-8.0911
"2004-12-27",-3.8879
"2004-12-28",-2.047
"2004-12-29",-0.1229
"2004-12-30",-3.0183