"DateTime","(deg C) Max Temperature (gridMET) at 1, 1980-01-01 to 1999-12-31"
"1994-12-29",9.0844
"1994-12-30",5.0252
"1994-12-31",3.8707
"1995-01-01",2.4331
"1995-01-02",5.0865
"1995-01-03",5.3396
"1995-01-04",3.7864
"1995-01-05",5.1206
"1995-01-06",3.4266
"1995-01-07",5.6841
"1995-01-08",8.3666
"1995-01-09",9.2171
"1995-01-10",10.3284
"1995-01-11",8.5355
"1995-01-12",7.6257
"1995-01-13",8.0312
"1995-01-14",9.3926
"1995-01-15",10.5239
"1995-01-16",4.7525
"1995-01-17",1.0643
"1995-01-18",1.48
"1995-01-19",4.5588
"1995-01-20",5.4936
"1995-01-21",5.3403
"1995-01-22",4.317
"1995-01-23",6.6844
"1995-01-24",9.7013
"1995-01-25",9.8357
"1995-01-26",6.9293
"1995-01-27",5.4206
"1995-01-28",4.3839
"1995-01-29",3.2387
"1995-01-30",5.0059
"1995-01-31",9.5737
"1995-02-01",12.5541
"1995-02-02",13.7464
"1995-02-03",12.8126
"1995-02-04",13.1549
"1995-02-05",13.0273
"1995-02-06",13.7691
"1995-02-07",14.5272
"1995-02-08",12.5781
"1995-02-09",11.5486
"1995-02-10",9.8017
"1995-02-11",10.2211
"1995-02-12",11.5795
"1995-02-13",11.498
"1995-02-14",11.8099
"1995-02-15",10.2964
"1995-02-16",11.8215
"1995-02-17",13.3446
"1995-02-18",14.4153
"1995-02-19",14.6949
"1995-02-20",17.1911
"1995-02-21",19.3966
"1995-02-22",17.6603
"1995-02-23",18.2056
"1995-02-24",16.9426
"1995-02-25",15.4647
"1995-02-26",15.8234
"1995-02-27",15.6463
"1995-02-28",13.452
"1995-03-01",11.2714
"1995-03-02",12.4191
"1995-03-03",12.1465
"1995-03-04",11.6049
"1995-03-05",12.1445
"1995-03-06",10.3935
"1995-03-07",10.5872
"1995-03-08",13.609
"1995-03-09",16.2569
"1995-03-10",17.3586
"1995-03-11",15.1385
"1995-03-12",12.9668
"1995-03-13",15.199
"1995-03-14",19.2896
"1995-03-15",19.87
"1995-03-16",20.3165
"1995-03-17",20.0423
"1995-03-18",19.9048
"1995-03-19",18.3996
"1995-03-20",20.0935
"1995-03-21",19.6514
"1995-03-22",14.1299
"1995-03-23",16.7765
"1995-03-24",9.7058
"1995-03-25",6.1849
"1995-03-26",9.0925
"1995-03-27",13.1915
"1995-03-28",12.7773
"1995-03-29",8.983
"1995-03-30",9.8065
"1995-03-31",12.9821
"1995-04-01",15.4916
"1995-04-02",16.536
"1995-04-03",16.9233
"1995-04-04",19.6012
"1995-04-05",21.5359
"1995-04-06",21.8449
"1995-04-07",21.3282
"1995-04-08",20.1707
"1995-04-09",13.2615
"1995-04-10",10.3326
"1995-04-11",14.4704
"1995-04-12",20.1806
"1995-04-13",22.9841
"1995-04-14",16.3391
"1995-04-15",16.3657
"1995-04-16",17.23
"1995-04-17",10.1758
"1995-04-18",11.4821
"1995-04-19",11.0421
"1995-04-20",12.0488
"1995-04-21",9.3706
"1995-04-22",13.8312
"1995-04-23",15.2841
"1995-04-24",16.3408
"1995-04-25",20.8839
"1995-04-26",20.31
"1995-04-27",22.7483
"1995-04-28",21.7871
"1995-04-29",22.8777
"1995-04-30",21.8093
"1995-05-01",22.4696
"1995-05-02",20.6783
"1995-05-03",19.301
"1995-05-04",23.0202
"1995-05-05",17.5074
"1995-05-06",12.6441
"1995-05-07",11.198
"1995-05-08",16.6057
"1995-05-09",20.7825
"1995-05-10",21.9943
"1995-05-11",22.7624
"1995-05-12",20.8632
"1995-05-13",19.8211
"1995-05-14",22.5761
"1995-05-15",23.6581
"1995-05-16",21.7982
"1995-05-17",17.3941
"1995-05-18",22.8015
"1995-05-19",24.3039
"1995-05-20",25.5686
"1995-05-21",26.3957
"1995-05-22",24.6984
"1995-05-23",20.6518
"1995-05-24",20.5271
"1995-05-25",20.9345
"1995-05-26",19.5553
"1995-05-27",20.8294
"1995-05-28",20.2382
"1995-05-29",20.8693
"1995-05-30",22.7909
"1995-05-31",25.9803
"1995-06-01",27.9784
"1995-06-02",25.4852
"1995-06-03",23.2268
"1995-06-04",25.4349
"1995-06-05",28.3789
"1995-06-06",24.7445
"1995-06-07",23.7778
"1995-06-08",19.6687
"1995-06-09",22.207
"1995-06-10",24.2534
"1995-06-11",28.9058
"1995-06-12",32.559
"1995-06-13",33.5103
"1995-06-14",31.7352
"1995-06-15",31.3956
"1995-06-16",25.8883
"1995-06-17",24.2536
"1995-06-18",26.9089
"1995-06-19",29.2433
"1995-06-20",29.482
"1995-06-21",28.9059
"1995-06-22",27.9107
"1995-06-23",28.8865
"1995-06-24",28.8769
"1995-06-25",30.7006
"1995-06-26",31.9558
"1995-06-27",32.7504
"1995-06-28",31.6097
"1995-06-29",30.3456
"1995-06-30",30.5453
"1995-07-01",29.6779
"1995-07-02",29.1637
"1995-07-03",28.1785
"1995-07-04",26.7865
"1995-07-05",29.7536
"1995-07-06",33.7152
"1995-07-07",34.8306
"1995-07-08",35.5104
"1995-07-09",34.6861
"1995-07-10",34.5449
"1995-07-11",33.4084
"1995-07-12",32.5478
"1995-07-13",30.6525
"1995-07-14",30.3196
"1995-07-15",31.3012
"1995-07-16",29.0642
"1995-07-17",29.5322
"1995-07-18",29.476
"1995-07-19",30.5329
"1995-07-20",31.9679
"1995-07-21",31.9097
"1995-07-22",31.4403
"1995-07-23",30.8542
"1995-07-24",32.4738
"1995-07-25",34.8583
"1995-07-26",36.0069
"1995-07-27",36.2932
"1995-07-28",37.167
"1995-07-29",37.464
"1995-07-30",35.2832
"1995-07-31",32.9932
"1995-08-01",32.7345
"1995-08-02",34.0583
"1995-08-03",34.6662
"1995-08-04",34.5771
"1995-08-05",33.9291
"1995-08-06",34.7931
"1995-08-07",34.9608
"1995-08-08",34.3076
"1995-08-09",35.2432
"1995-08-10",35.1901
"1995-08-11",33.7106
"1995-08-12",32.3832
"1995-08-13",31.9647
"1995-08-14",31.3056
"1995-08-15",31.6362
"1995-08-16",30.5565
"1995-08-17",30.6541
"1995-08-18",31.0606
"1995-08-19",30.6441
"1995-08-20",28.9378
"1995-08-21",29.5005
"1995-08-22",29.8038
"1995-08-23",30.2391
"1995-08-24",30.4776
"1995-08-25",29.6557
"1995-08-26",30.6866
"1995-08-27",29.6585
"1995-08-28",31.0519
"1995-08-29",31.5464
"1995-08-30",32.2971
"1995-08-31",34.0859
"1995-09-01",34.5178
"1995-09-02",33.6923
"1995-09-03",32.7421
"1995-09-04",32.8237
"1995-09-05",31.8253
"1995-09-06",31.0963
"1995-09-07",28.9371
"1995-09-08",28.3215
"1995-09-09",27.2794
"1995-09-10",26.3099
"1995-09-11",27.531
"1995-09-12",27.5393
"1995-09-13",28.0656
"1995-09-14",27.4658
"1995-09-15",26.6619
"1995-09-16",28.4499
"1995-09-17",27.8257
"1995-09-18",26.2601
"1995-09-19",24.9577
"1995-09-20",27.0201
"1995-09-21",22.9355
"1995-09-22",22.3538
"1995-09-23",25.4621
"1995-09-24",25.0414
"1995-09-25",24.4836
"1995-09-26",25.0701
"1995-09-27",26.2302
"1995-09-28",21.1889
"1995-09-29",20.7528
"1995-09-30",19.0109
"1995-10-01",21.9503
"1995-10-02",21.1951
"1995-10-03",24.3956
"1995-10-04",19.0691
"1995-10-05",16.0602
"1995-10-06",20.7537
"1995-10-07",23.1514
"1995-10-08",22.8071
"1995-10-09",23.635
"1995-10-10",24.879
"1995-10-11",26.9541
"1995-10-12",26.9767
"1995-10-13",20.1199
"1995-10-14",22.4127
"1995-10-15",25.7365
"1995-10-16",24.8272
"1995-10-17",23.9427
"1995-10-18",25.4427
"1995-10-19",23.4133
"1995-10-20",22.9793
"1995-10-21",24.0169
"1995-10-22",16.305
"1995-10-23",11.6226
"1995-10-24",17.0118
"1995-10-25",18.5526
"1995-10-26",20.7193
"1995-10-27",19.9342
"1995-10-28",22.443
"1995-10-29",23.3582
"1995-10-30",21.4724
"1995-10-31",18.0921
"1995-11-01",14.4473
"1995-11-02",13.6634
"1995-11-03",13.4941
"1995-11-04",14.0086
"1995-11-05",16.2651
"1995-11-06",15.2489
"1995-11-07",14.9313
"1995-11-08",17.821
"1995-11-09",18.2711
"1995-11-10",12.7628
"1995-11-11",13.2505
"1995-11-12",17.1819
"1995-11-13",17.8161
"1995-11-14",16.8105
"1995-11-15",17.4667
"1995-11-16",18.2834
"1995-11-17",17.4246
"1995-11-18",18.1799
"1995-11-19",17.8234
"1995-11-20",17.5913
"1995-11-21",18.5872
"1995-11-22",16.8662
"1995-11-23",16.1062
"1995-11-24",17.2737
"1995-11-25",18.5688
"1995-11-26",16.6884
"1995-11-27",7.5319
"1995-11-28",7.1514
"1995-11-29",12.6299
"1995-11-30",16.8894
"1995-12-01",17.5105
"1995-12-02",15.8224
"1995-12-03",13.7366
"1995-12-04",16.237
"1995-12-05",16.7567
"1995-12-06",15.9326
"1995-12-07",14.7577
"1995-12-08",10.4639
"1995-12-09",11.8394
"1995-12-10",13.1299
"1995-12-11",13.7765
"1995-12-12",16.0211
"1995-12-13",14.2995
"1995-12-14",10.3515
"1995-12-15",8.8954
"1995-12-16",8.0848
"1995-12-17",5.1364
"1995-12-18",4.8334
"1995-12-19",3.9839
"1995-12-20",3.8036
"1995-12-21",3.3359
"1995-12-22",2.6116
"1995-12-23",2.0377
"1995-12-24",1.6742
"1995-12-25",0.838
"1995-12-26",1.9976
"1995-12-27",1.4815
"1995-12-28",2.1189
"1995-12-29",1.5305
"1995-12-30",3.3394
"1995-12-31",6.1395
"1996-01-01",5.6066
"1996-01-02",2.4215
"1996-01-03",5.7952
"1996-01-04",8.1652
"1996-01-05",7.8674
"1996-01-06",7.154
"1996-01-07",9.2111
"1996-01-08",10.2854
"1996-01-09",11.4902
"1996-01-10",11.3472
"1996-01-11",10.8905
"1996-01-12",11.4402
"1996-01-13",12.3502
"1996-01-14",13.1174
"1996-01-15",13.3157
"1996-01-16",13.7295
"1996-01-17",10.0601
"1996-01-18",3.9781
"1996-01-19",7.8636
"1996-01-20",6.0302
"1996-01-21",9.7009
"1996-01-22",6.0253
"1996-01-23",2.3303
"1996-01-24",5.3981
"1996-01-25",7.2638
"1996-01-26",3.508
"1996-01-27",7.2159
"1996-01-28",9.738
"1996-01-29",11.6202
"1996-01-30",13.9721
"1996-01-31",10.4875
"1996-02-01",9.5394
"1996-02-02",8.0795
"1996-02-03",5.5971
"1996-02-04",9.0305
"1996-02-05",11.7613
"1996-02-06",12.9457
"1996-02-07",13.6315
"1996-02-08",14.5342
"1996-02-09",14.8381
"1996-02-10",16.0263
"1996-02-11",15.3115
"1996-02-12",16.0304
"1996-02-13",16.1833
"1996-02-14",16.6042
"1996-02-15",17.2159
"1996-02-16",18.1157
"1996-02-17",13.7195
"1996-02-18",14.7947
"1996-02-19",15.2592
"1996-02-20",16.0759
"1996-02-21",17.3952
"1996-02-22",14.4272
"1996-02-23",9.6348
"1996-02-24",14.203
"1996-02-25",11.9344
"1996-02-26",5.9693
"1996-02-27",1.6413
"1996-02-28",2.5855
"1996-02-29",5.0703
"1996-03-01",7.0983
"1996-03-02",9.8907
"1996-03-03",14.8785
"1996-03-04",13.6523
"1996-03-05",13.3804
"1996-03-06",8.2124
"1996-03-07",11.7878
"1996-03-08",15.9823
"1996-03-09",18.0615
"1996-03-10",21.5338
"1996-03-11",19.5245
"1996-03-12",17.5274
"1996-03-13",13.0784
"1996-03-14",11.9029
"1996-03-15",14.0195
"1996-03-16",15.4232
"1996-03-17",14.6263
"1996-03-18",13.8654
"1996-03-19",15.554
"1996-03-20",20.016
"1996-03-21",21.8217
"1996-03-22",21.1088
"1996-03-23",15.0797
"1996-03-24",11.1201
"1996-03-25",14.7715
"1996-03-26",14.9933
"1996-03-27",18.4854
"1996-03-28",18.7789
"1996-03-29",12.7498
"1996-03-30",16.7508
"1996-03-31",19.764
"1996-04-01",22.6125
"1996-04-02",20.8055
"1996-04-03",17.0702
"1996-04-04",16.9102
"1996-04-05",14.9983
"1996-04-06",18.6875
"1996-04-07",22.3745
"1996-04-08",24.977
"1996-04-09",26.7649
"1996-04-10",23.7871
"1996-04-11",18.6008
"1996-04-12",19.0469
"1996-04-13",13.2278
"1996-04-14",14.1374
"1996-04-15",19.7585
"1996-04-16",23.1865
"1996-04-17",19.949
"1996-04-18",19.4946
"1996-04-19",14.525
"1996-04-20",17.6436
"1996-04-21",14.5287
"1996-04-22",18.693
"1996-04-23",24.666
"1996-04-24",28.6492
"1996-04-25",25.6623
"1996-04-26",26.1395
"1996-04-27",27.3686
"1996-04-28",18.5749
"1996-04-29",18.8016
"1996-04-30",23.5869
"1996-05-01",25.2531
"1996-05-02",27.172
"1996-05-03",27.1708
"1996-05-04",27.252
"1996-05-05",27.935
"1996-05-06",28.5915
"1996-05-07",29.7165
"1996-05-08",27.8628
"1996-05-09",26.0607
"1996-05-10",26.4961
"1996-05-11",30.7329
"1996-05-12",33.395
"1996-05-13",33.0655
"1996-05-14",31.0079
"1996-05-15",30.2593
"1996-05-16",28.6673
"1996-05-17",28.2282
"1996-05-18",30.6828
"1996-05-19",29.5546
"1996-05-20",27.7792
"1996-05-21",29.1648
"1996-05-22",28.3985
"1996-05-23",24.0235
"1996-05-24",22.8317
"1996-05-25",19.6007
"1996-05-26",18.3419
"1996-05-27",24.9746
"1996-05-28",24.1796
"1996-05-29",28.1562
"1996-05-30",27.7659
"1996-05-31",26.0845
"1996-06-01",27.0521
"1996-06-02",29.5619
"1996-06-03",31.1909
"1996-06-04",32.85
"1996-06-05",34.011
"1996-06-06",33.3375
"1996-06-07",33.864
"1996-06-08",34.4044
"1996-06-09",34.6631
"1996-06-10",34.351
"1996-06-11",32.2012
"1996-06-12",30.0344
"1996-06-13",30.0387
"1996-06-14",29.3592
"1996-06-15",30.0549
"1996-06-16",31.611
"1996-06-17",32.1141
"1996-06-18",32.2223
"1996-06-19",33.1287
"1996-06-20",33.9772
"1996-06-21",33.4868
"1996-06-22",30.4639
"1996-06-23",30.1301
"1996-06-24",31.5577
"1996-06-25",30.8534
"1996-06-26",28.6172
"1996-06-27",27.088
"1996-06-28",28.1504
"1996-06-29",31.5883
"1996-06-30",31.6114
"1996-07-01",33.2676
"1996-07-02",34.3694
"1996-07-03",34.5223
"1996-07-04",34.5414
"1996-07-05",34.7707
"1996-07-06",35.5179
"1996-07-07",34.7463
"1996-07-08",33.0415
"1996-07-09",32.1924
"1996-07-10",32.0343
"1996-07-11",34.2945
"1996-07-12",33.5974
"1996-07-13",32.646
"1996-07-14",33.0375
"1996-07-15",31.6524
"1996-07-16",29.4776
"1996-07-17",31.0846
"1996-07-18",31.6146
"1996-07-19",33.2462
"1996-07-20",34.0692
"1996-07-21",34.9387
"1996-07-22",35.6063
"1996-07-23",34.9534
"1996-07-24",34.2169
"1996-07-25",33.8307
"1996-07-26",34.1029
"1996-07-27",33.8485
"1996-07-28",31.4887
"1996-07-29",31.9429
"1996-07-30",33.5797
"1996-07-31",34.4448
"1996-08-01",34.6084
"1996-08-02",33.1372
"1996-08-03",31.1744
"1996-08-04",30.1591
"1996-08-05",30.1843
"1996-08-06",29.991
"1996-08-07",31.6856
"1996-08-08",30.3468
"1996-08-09",30.2693
"1996-08-10",32.4374
"1996-08-11",33.9098
"1996-08-12",35.033
"1996-08-13",35.1651
"1996-08-14",35.2771
"1996-08-15",34.0277
"1996-08-16",33.2608
"1996-08-17",32.4593
"1996-08-18",30.5371
"1996-08-19",30.3046
"1996-08-20",30.4228
"1996-08-21",30.2399
"1996-08-22",29.9138
"1996-08-23",28.9177
"1996-08-24",26.5964
"1996-08-25",29.3847
"1996-08-26",28.7238
"1996-08-27",30.4549
"1996-08-28",32.4061
"1996-08-29",32.9972
"1996-08-30",32.0821
"1996-08-31",32.4328
"1996-09-01",31.4377
"1996-09-02",29.5758
"1996-09-03",30.8568
"1996-09-04",30.1595
"1996-09-05",26.8274
"1996-09-06",25.9768
"1996-09-07",26.9083
"1996-09-08",28.4185
"1996-09-09",28.7473
"1996-09-10",27.6794
"1996-09-11",25.4064
"1996-09-12",23.0278
"1996-09-13",23.9755
"1996-09-14",19.7892
"1996-09-15",22.5524
"1996-09-16",21.2277
"1996-09-17",18.9922
"1996-09-18",17.6746
"1996-09-19",19.6728
"1996-09-20",21.4763
"1996-09-21",25.2061
"1996-09-22",25.5298
"1996-09-23",25.1963
"1996-09-24",25.4187
"1996-09-25",23.8973
"1996-09-26",20.5551
"1996-09-27",16.2408
"1996-09-28",21.3519
"1996-09-29",24.2905
"1996-09-30",25.4978
"1996-10-01",24.9252
"1996-10-02",25.4716
"1996-10-03",22.3293
"1996-10-04",22.2526
"1996-10-05",23.7884
"1996-10-06",24.0702
"1996-10-07",25.0302
"1996-10-08",26.2958
"1996-10-09",27.6498
"1996-10-10",27.9138
"1996-10-11",27.1457
"1996-10-12",25.4996
"1996-10-13",25.1902
"1996-10-14",22.1063
"1996-10-15",21.6627
"1996-10-16",21.5995
"1996-10-17",14.9041
"1996-10-18",20.7925
"1996-10-19",18.8245
"1996-10-20",12.4754
"1996-10-21",5.9521
"1996-10-22",10.1379
"1996-10-23",13.5179
"1996-10-24",15.8704
"1996-10-25",11.2909
"1996-10-26",7.2658
"1996-10-27",8.6618
"1996-10-28",10.7886
"1996-10-29",9.9832
"1996-10-30",12.805
"1996-10-31",10.9088
"1996-11-01",10.3993
"1996-11-02",13.8821
"1996-11-03",12.8442
"1996-11-04",13.859
"1996-11-05",14.3304
"1996-11-06",9.4523
"1996-11-07",9.1299
"1996-11-08",12.6761
"1996-11-09",15.4058
"1996-11-10",15.1479
"1996-11-11",17.2439
"1996-11-12",18.1572
"1996-11-13",18.9611
"1996-11-14",17.3449
"1996-11-15",12.6014
"1996-11-16",4.9405
"1996-11-17",4.9457
"1996-11-18",11.6017
"1996-11-19",15.2062
"1996-11-20",15.7682
"1996-11-21",15.5477
"1996-11-22",13.0522
"1996-11-23",10.2717
"1996-11-24",8.8972
"1996-11-25",10.3721
"1996-11-26",9.101
"1996-11-27",6.7196
"1996-11-28",8.4005
"1996-11-29",5.236
"1996-11-30",4.4743
"1996-12-01",5.3012
"1996-12-02",2.9475
"1996-12-03",4.7536
"1996-12-04",4.895
"1996-12-05",6.0313
"1996-12-06",9.0789
"1996-12-07",10.4476
"1996-12-08",12.8939
"1996-12-09",15.6928
"1996-12-10",12.5678
"1996-12-11",13.1392
"1996-12-12",13.1181
"1996-12-13",14.5044
"1996-12-14",9.3453
"1996-12-15",2.9646
"1996-12-16",7.8886
"1996-12-17",2.4584
"1996-12-18",-0.474
"1996-12-19",4.3362
"1996-12-20",6.1304
"1996-12-21",9.9332
"1996-12-22",8.0172
"1996-12-23",6.3059
"1996-12-24",5.6327
"1996-12-25",5.3638
"1996-12-26",7.3825
"1996-12-27",8.9311
"1996-12-28",9.3445
"1996-12-29",11.026
"1996-12-30",11.6495
"1996-12-31",12.2946
"1997-01-01",15.5402
"1997-01-02",15.1733
"1997-01-03",13.5521
"1997-01-04",7.2617
"1997-01-05",5.5214
"1997-01-06",2.0279
"1997-01-07",-0.0469
"1997-01-08",0.7413
"1997-01-09",1.0781
"1997-01-10",2.4135
"1997-01-11",5.1869
"1997-01-12",5.8737
"1997-01-13",3.7108
"1997-01-14",1.4977
"1997-01-15",-2.6226
"1997-01-16",-1.2836
"1997-01-17",-1.7025
"1997-01-18",1.6691
"1997-01-19",1.9204
"1997-01-20",3.1938
"1997-01-21",3.8454
"1997-01-22",4.4163
"1997-01-23",5.529
"1997-01-24",4.8085
"1997-01-25",5.5622
"1997-01-26",7.9404
"1997-01-27",5.9397
"1997-01-28",5.7058
"1997-01-29",4.5559
"1997-01-30",4.7027
"1997-01-31",7.888
"1997-02-01",9.3986
"1997-02-02",10.0363
"1997-02-03",8.977
"1997-02-04",8.9717
"1997-02-05",9.8935
"1997-02-06",5.5258
"1997-02-07",2.1036
"1997-02-08",4.7092
"1997-02-09",7.5609
"1997-02-10",7.9153
"1997-02-11",9.4315
"1997-02-12",10.8015
"1997-02-13",6.0272
"1997-02-14",7.572
"1997-02-15",10.96
"1997-02-16",13.1337
"1997-02-17",16.1284
"1997-02-18",13.3534
"1997-02-19",12.5504
"1997-02-20",12.3443
"1997-02-21",5.9542
"1997-02-22",8.2639
"1997-02-23",8.8249
"1997-02-24",7.6718
"1997-02-25",5.6161
"1997-02-26",5.9174
"1997-02-27",8.1978
"1997-02-28",4.8007
"1997-03-01",2.316
"1997-03-02",5.6178
"1997-03-03",10.6094
"1997-03-04",7.3799
"1997-03-05",6.8452
"1997-03-06",13.0595
"1997-03-07",15.2923
"1997-03-08",17.6765
"1997-03-09",16.5704
"1997-03-10",18.2339
"1997-03-11",21.6424
"1997-03-12",21.8578
"1997-03-13",19.3479
"1997-03-14",18.4678
"1997-03-15",20.739
"1997-03-16",21.9913
"1997-03-17",19.7538
"1997-03-18",19.5833
"1997-03-19",22.7517
"1997-03-20",24.8456
"1997-03-21",25.2158
"1997-03-22",24.6186
"1997-03-23",23.2621
"1997-03-24",18.2965
"1997-03-25",13.6641
"1997-03-26",16.8753
"1997-03-27",20.5131
"1997-03-28",21.6652
"1997-03-29",16.6497
"1997-03-30",20.449
"1997-03-31",17.7482
"1997-04-01",14.747
"1997-04-02",14.0974
"1997-04-03",14.365
"1997-04-04",10.311
"1997-04-05",7.6124
"1997-04-06",10.6246
"1997-04-07",13.5338
"1997-04-08",16.2564
"1997-04-09",16.3713
"1997-04-10",11.0963
"1997-04-11",8.6842
"1997-04-12",6.3513
"1997-04-13",9.1302
"1997-04-14",14.9561
"1997-04-15",18.1914
"1997-04-16",20.4926
"1997-04-17",22.2992
"1997-04-18",22.3296
"1997-04-19",23.0956
"1997-04-20",22.7014
"1997-04-21",23.3744
"1997-04-22",19.7323
"1997-04-23",20.5828
"1997-04-24",15.0637
"1997-04-25",12.4055
"1997-04-26",18.4243
"1997-04-27",21.3221
"1997-04-28",23.2275
"1997-04-29",20.9466
"1997-04-30",20.807
"1997-05-01",18.3957
"1997-05-02",16.688
"1997-05-03",23.6031
"1997-05-04",26.2735
"1997-05-05",26.5522
"1997-05-06",27.8052
"1997-05-07",25.3665
"1997-05-08",25.4688
"1997-05-09",25.3174
"1997-05-10",25.1316
"1997-05-11",25.2792
"1997-05-12",25.8422
"1997-05-13",27.7099
"1997-05-14",27.3175
"1997-05-15",29.2006
"1997-05-16",29.2255
"1997-05-17",29.3101
"1997-05-18",27.5597
"1997-05-19",26.3138
"1997-05-20",25.2026
"1997-05-21",22.9426
"1997-05-22",24.0253
"1997-05-23",24.6912
"1997-05-24",22.7667
"1997-05-25",22.7504
"1997-05-26",20.1386
"1997-05-27",23.7992
"1997-05-28",27.3954
"1997-05-29",30.1247
"1997-05-30",31.4678
"1997-05-31",32.6101
"1997-06-01",31.9617
"1997-06-02",30.658
"1997-06-03",31.7703
"1997-06-04",31.252
"1997-06-05",29.9931
"1997-06-06",27.5635
"1997-06-07",23.6485
"1997-06-08",22.1316
"1997-06-09",23.8125
"1997-06-10",27.9574
"1997-06-11",27.8222
"1997-06-12",26.3285
"1997-06-13",24.9947
"1997-06-14",24.7236
"1997-06-15",22.9828
"1997-06-16",25.6988
"1997-06-17",29.4053
"1997-06-18",32.9179
"1997-06-19",32.6573
"1997-06-20",31.6559
"1997-06-21",31.3908
"1997-06-22",31.6146
"1997-06-23",29.6724
"1997-06-24",30.1066
"1997-06-25",31.4989
"1997-06-26",31.8896
"1997-06-27",31.5525
"1997-06-28",30.6634
"1997-06-29",30.7477
"1997-06-30",31.2141
"1997-07-01",30.5377
"1997-07-02",34.5484
"1997-07-03",31.4147
"1997-07-04",32.5499
"1997-07-05",33.333
"1997-07-06",33.157
"1997-07-07",32.295
"1997-07-08",31.9725
"1997-07-09",32.1263
"1997-07-10",31.1805
"1997-07-11",28.4892
"1997-07-12",30.124
"1997-07-13",31.5148
"1997-07-14",34.4421
"1997-07-15",35.3497
"1997-07-16",35.2643
"1997-07-17",34.1246
"1997-07-18",33.233
"1997-07-19",31.7189
"1997-07-20",31.1838
"1997-07-21",31.2018
"1997-07-22",30.2169
"1997-07-23",30.3573
"1997-07-24",31.3227
"1997-07-25",32.9877
"1997-07-26",31.1851
"1997-07-27",31.2186
"1997-07-28",28.1262
"1997-07-29",29.3325
"1997-07-30",27.4505
"1997-07-31",28.2894
"1997-08-01",30.7
"1997-08-02",31.1682
"1997-08-03",30.0147
"1997-08-04",28.9922
"1997-08-05",28.7896
"1997-08-06",29.7029
"1997-08-07",29.4947
"1997-08-08",31.9945
"1997-08-09",29.6426
"1997-08-10",26.6294
"1997-08-11",27.553
"1997-08-12",28.8343
"1997-08-13",29.6576
"1997-08-14",29.0088
"1997-08-15",30.0323
"1997-08-16",28.9746
"1997-08-17",29.155
"1997-08-18",28.4275
"1997-08-19",29.6646
"1997-08-20",32.1262
"1997-08-21",32.1294
"1997-08-22",32.0136
"1997-08-23",31.9528
"1997-08-24",31.0133
"1997-08-25",30.6229
"1997-08-26",29.6642
"1997-08-27",30.5033
"1997-08-28",31.0555
"1997-08-29",29.6934
"1997-08-30",29.1289
"1997-08-31",27.1694
"1997-09-01",28.509
"1997-09-02",29.5423
"1997-09-03",29.1727
"1997-09-04",29.3436
"1997-09-05",29.4741
"1997-09-06",29.1203
"1997-09-07",29.3084
"1997-09-08",30.779
"1997-09-09",29.7508
"1997-09-10",29.7104
"1997-09-11",28.2155
"1997-09-12",27.4509
"1997-09-13",28.1078
"1997-09-14",27.1706
"1997-09-15",26.1439
"1997-09-16",26.1755
"1997-09-17",27.6229
"1997-09-18",28.8512
"1997-09-19",27.7054
"1997-09-20",27.1941
"1997-09-21",23.0868
"1997-09-22",22.4431
"1997-09-23",22.447
"1997-09-24",25.2148
"1997-09-25",23.7762
"1997-09-26",19.7475
"1997-09-27",24.9427
"1997-09-28",25.5773
"1997-09-29",26.9271
"1997-09-30",27.9214
"1997-10-01",28.1455
"1997-10-02",27.4279
"1997-10-03",25.2949
"1997-10-04",27.0133
"1997-10-05",27.5348
"1997-10-06",26.3779
"1997-10-07",20.4459
"1997-10-08",15.2748
"1997-10-09",21.9407
"1997-10-10",25.7701
"1997-10-11",18.9236
"1997-10-12",9.841
"1997-10-13",12.7684
"1997-10-14",18.8743
"1997-10-15",20.9222
"1997-10-16",21.6208
"1997-10-17",22.6208
"1997-10-18",22.605
"1997-10-19",21.2233
"1997-10-20",19.106
"1997-10-21",19.2686
"1997-10-22",17.4299
"1997-10-23",17.5164
"1997-10-24",11.8387
"1997-10-25",5.1898
"1997-10-26",9.2897
"1997-10-27",13.4657
"1997-10-28",15.3267
"1997-10-29",16.3044
"1997-10-30",17.5301
"1997-10-31",19.3788
"1997-11-01",15.3419
"1997-11-02",13.5652
"1997-11-03",15.9384
"1997-11-04",17.4825
"1997-11-05",18.3029
"1997-11-06",19.1455
"1997-11-07",17.8792
"1997-11-08",15.536
"1997-11-09",12.0603
"1997-11-10",13.3082
"1997-11-11",12.8373
"1997-11-12",10.3403
"1997-11-13",9.4149
"1997-11-14",7.1798
"1997-11-15",5.9813
"1997-11-16",7.769
"1997-11-17",8.3696
"1997-11-18",8.4465
"1997-11-19",13.7373
"1997-11-20",11.9553
"1997-11-21",8.5536
"1997-11-22",8.674
"1997-11-23",11.9465
"1997-11-24",12.2723
"1997-11-25",14.977
"1997-11-26",17.3491
"1997-11-27",10.3677
"1997-11-28",8.4911
"1997-11-29",9.6093
"1997-11-30",11.3682
"1997-12-01",10.632
"1997-12-02",8.0256
"1997-12-03",6.5654
"1997-12-04",7.1145
"1997-12-05",7.853
"1997-12-06",9.9893
"1997-12-07",9.2284
"1997-12-08",6.043
"1997-12-09",2.7044
"1997-12-10",2.3385
"1997-12-11",1.3307
"1997-12-12",2.0873
"1997-12-13",4.6821
"1997-12-14",7.3953
"1997-12-15",7.5192
"1997-12-16",6.3246
"1997-12-17",6.8917
"1997-12-18",8.9072
"1997-12-19",8.6488
"1997-12-20",6.9385
"1997-12-21",6.4389
"1997-12-22",5.4632
"1997-12-23",4.6036
"1997-12-24",0.2197
"1997-12-25",-0.9217
"1997-12-26",-0.8596
"1997-12-27",-0.4609
"1997-12-28",-0.8559
"1997-12-29",2.2749
"1997-12-30",3.4674
"1997-12-31",3.5852
"1998-01-01",6.618
"1998-01-02",9.4073
"1998-01-03",8.6668
"1998-01-04",8.8473
"1998-01-05",5.8198
"1998-01-06",3.6086
"1998-01-07",3.1754
"1998-01-08",3.8257
"1998-01-09",4.5508
"1998-01-10",6.1922
"1998-01-11",7.2145
"1998-01-12",6.7136
"1998-01-13",7.1159
"1998-01-14",5.4724
"1998-01-15",6.2565
"1998-01-16",8.8089
"1998-01-17",10.8594
"1998-01-18",11.1208
"1998-01-19",11.3789
"1998-01-20",7.3446
"1998-01-21",6.3499
"1998-01-22",6.6963
"1998-01-23",7.6689
"1998-01-24",9.7314
"1998-01-25",10.3263
"1998-01-26",11.4529
"1998-01-27",13.0251
"1998-01-28",12.4691
"1998-01-29",12.3332
"1998-01-30",9.7144
"1998-01-31",6.5724
"1998-02-01",7.6941
"1998-02-02",10.1045
"1998-02-03",12.7906
"1998-02-04",8.7651
"1998-02-05",6.8785
"1998-02-06",10.0218
"1998-02-07",7.8071
"1998-02-08",7.4382
"1998-02-09",6.0709
"1998-02-10",5.3483
"1998-02-11",5.7919
"1998-02-12",5.7656
"1998-02-13",7.9624
"1998-02-14",8.3842
"1998-02-15",6.0401
"1998-02-16",3.733
"1998-02-17",4.6669
"1998-02-18",5.7142
"1998-02-19",5.6628
"1998-02-20",6.8378
"1998-02-21",8.0782
"1998-02-22",8.2256
"1998-02-23",10.9633
"1998-02-24",10.5817
"1998-02-25",2.8672
"1998-02-26",2.719
"1998-02-27",1.5297
"1998-02-28",2.9438
"1998-03-01",6.3193
"1998-03-02",9.5561
"1998-03-03",13.3275
"1998-03-04",12.3616
"1998-03-05",13.1603
"1998-03-06",9.7167
"1998-03-07",5.4959
"1998-03-08",5.3833
"1998-03-09",6.8185
"1998-03-10",9.8523
"1998-03-11",13.2739
"1998-03-12",15.5767
"1998-03-13",17.1484
"1998-03-14",15.7352
"1998-03-15",16.1406
"1998-03-16",16.4231
"1998-03-17",15.5371
"1998-03-18",10.2136
"1998-03-19",11.9307
"1998-03-20",15.1533
"1998-03-21",18.6081
"1998-03-22",21.3076
"1998-03-23",22.4
"1998-03-24",23.4436
"1998-03-25",18.544
"1998-03-26",14.8065
"1998-03-27",12.7532
"1998-03-28",12.5316
"1998-03-29",7.0717
"1998-03-30",6.3739
"1998-03-31",11.7368
"1998-04-01",13.8496
"1998-04-02",10.6489
"1998-04-03",16.2344
"1998-04-04",15.0052
"1998-04-05",15.2472
"1998-04-06",11.442
"1998-04-07",9.0811
"1998-04-08",13.0763
"1998-04-09",16.0968
"1998-04-10",21.8916
"1998-04-11",21.8079
"1998-04-12",13.5799
"1998-04-13",14.5405
"1998-04-14",11.7871
"1998-04-15",8.7808
"1998-04-16",8.8273
"1998-04-17",13.2249
"1998-04-18",13.3931
"1998-04-19",17.8098
"1998-04-20",18.8701
"1998-04-21",21.1074
"1998-04-22",24.6153
"1998-04-23",25.8572
"1998-04-24",21.9275
"1998-04-25",18.0332
"1998-04-26",17.1109
"1998-04-27",18.2127
"1998-04-28",18.6777
"1998-04-29",21.3571
"1998-04-30",23.581
"1998-05-01",24.1955
"1998-05-02",24.8175
"1998-05-03",24.3946
"1998-05-04",22.3095
"1998-05-05",20.4112
"1998-05-06",18.7078
"1998-05-07",20.2265
"1998-05-08",20.4834
"1998-05-09",23.06
"1998-05-10",22.9915
"1998-05-11",21.412
"1998-05-12",22.0987
"1998-05-13",18.9192
"1998-05-14",15.6302
"1998-05-15",20.3313
"1998-05-16",24.323
"1998-05-17",24.9056
"1998-05-18",25.5981
"1998-05-19",27.5352
"1998-05-20",27.6948
"1998-05-21",24.2413
"1998-05-22",22.7328
"1998-05-23",23.1992
"1998-05-24",25.3054
"1998-05-25",27.512
"1998-05-26",25.6204
"1998-05-27",26.8985
"1998-05-28",29.1575
"1998-05-29",28.8229
"1998-05-30",27.9415
"1998-05-31",28.8009
"1998-06-01",31.0653
"1998-06-02",31.0273
"1998-06-03",28.2686
"1998-06-04",21.4606
"1998-06-05",23.9203
"1998-06-06",28.948
"1998-06-07",25.3676
"1998-06-08",23.2658
"1998-06-09",24.9876
"1998-06-10",24.0492
"1998-06-11",24.5091
"1998-06-12",27.9336
"1998-06-13",25.0277
"1998-06-14",26.9985
"1998-06-15",27.3817
"1998-06-16",29.9429
"1998-06-17",23.5796
"1998-06-18",27.2348
"1998-06-19",31.6689
"1998-06-20",30.7865
"1998-06-21",30.4866
"1998-06-22",30.2977
"1998-06-23",31.0493
"1998-06-24",31.3354
"1998-06-25",32.7
"1998-06-26",32.3792
"1998-06-27",34.0746
"1998-06-28",36.6665
"1998-06-29",37.3807
"1998-06-30",34.3751
"1998-07-01",34.0276
"1998-07-02",33.7595
"1998-07-03",33.5782
"1998-07-04",32.6501
"1998-07-05",31.6548
"1998-07-06",30.5297
"1998-07-07",31.1023
"1998-07-08",30.1143
"1998-07-09",30.0695
"1998-07-10",32.4452
"1998-07-11",34.2487
"1998-07-12",34.0488
"1998-07-13",34.3566
"1998-07-14",33.7444
"1998-07-15",35.4812
"1998-07-16",35.8027
"1998-07-17",34.9642
"1998-07-18",35.3525
"1998-07-19",36.4409
"1998-07-20",34.9285
"1998-07-21",33.6658
"1998-07-22",31.5865
"1998-07-23",29.3036
"1998-07-24",28.4156
"1998-07-25",29.3835
"1998-07-26",30.3771
"1998-07-27",30.6309
"1998-07-28",31.486
"1998-07-29",31.973
"1998-07-30",31.9365
"1998-07-31",30.6887
"1998-08-01",30.0626
"1998-08-02",30.1692
"1998-08-03",30.3201
"1998-08-04",31.089
"1998-08-05",30.4036
"1998-08-06",32.0557
"1998-08-07",33.9138
"1998-08-08",32.2405
"1998-08-09",32.6795
"1998-08-10",32.1015
"1998-08-11",31.7578
"1998-08-12",31.7642
"1998-08-13",31.4678
"1998-08-14",31.2638
"1998-08-15",32.2998
"1998-08-16",31.1934
"1998-08-17",31.3128
"1998-08-18",29.3714
"1998-08-19",29.9595
"1998-08-20",30.7829
"1998-08-21",28.6413
"1998-08-22",31.587
"1998-08-23",32.9501
"1998-08-24",32.5118
"1998-08-25",30.5713
"1998-08-26",30.8603
"1998-08-27",32.4182
"1998-08-28",32.9754
"1998-08-29",32.5256
"1998-08-30",32.9315
"1998-08-31",31.4469
"1998-09-01",29.3379
"1998-09-02",29.7348
"1998-09-03",30.9141
"1998-09-04",27.0077
"1998-09-05",28.5551
"1998-09-06",29.3348
"1998-09-07",29.7724
"1998-09-08",29.8003
"1998-09-09",28.9668
"1998-09-10",28.6439
"1998-09-11",26.5448
"1998-09-12",27.7181
"1998-09-13",28.5115
"1998-09-14",27.9672
"1998-09-15",28.775
"1998-09-16",28.3464
"1998-09-17",28.6824
"1998-09-18",29.3973
"1998-09-19",27.1553
"1998-09-20",26.3484
"1998-09-21",24.2081
"1998-09-22",25.898
"1998-09-23",25.0623
"1998-09-24",26.8719
"1998-09-25",25.4662
"1998-09-26",23.6514
"1998-09-27",25.5612
"1998-09-28",28.2178
"1998-09-29",27.9356
"1998-09-30",24.7337
"1998-10-01",21.826
"1998-10-02",22.2031
"1998-10-03",22.749
"1998-10-04",17.4995
"1998-10-05",13.8363
"1998-10-06",17.8407
"1998-10-07",23.3574
"1998-10-08",25.0514
"1998-10-09",24.3419
"1998-10-10",23.3376
"1998-10-11",23.7862
"1998-10-12",25.143
"1998-10-13",27.2745
"1998-10-14",24.0103
"1998-10-15",19.623
"1998-10-16",12.2424
"1998-10-17",12.4854
"1998-10-18",17.2392
"1998-10-19",20.6691
"1998-10-20",19.3493
"1998-10-21",13.6851
"1998-10-22",17.0825
"1998-10-23",17.2611
"1998-10-24",18.8439
"1998-10-25",16.4664
"1998-10-26",14.5445
"1998-10-27",14.234
"1998-10-28",12.9397
"1998-10-29",15.6786
"1998-10-30",14.6521
"1998-10-31",13.7353
"1998-11-01",14.8564
"1998-11-02",13.323
"1998-11-03",12.5424
"1998-11-04",10.509
"1998-11-05",13.0241
"1998-11-06",11.4457
"1998-11-07",10.4525
"1998-11-08",12.1203
"1998-11-09",8.0469
"1998-11-10",4.4856
"1998-11-11",7.4042
"1998-11-12",9.9439
"1998-11-13",11.817
"1998-11-14",14.8475
"1998-11-15",17.6127
"1998-11-16",16.803
"1998-11-17",16.5169
"1998-11-18",12.6282
"1998-11-19",8.3722
"1998-11-20",8.1708
"1998-11-21",11.4968
"1998-11-22",15.1594
"1998-11-23",15.9304
"1998-11-24",15.7385
"1998-11-25",14.3214
"1998-11-26",16.4738
"1998-11-27",17.8112
"1998-11-28",15.8281
"1998-11-29",10.3738
"1998-11-30",15.0174
"1998-12-01",16.2451
"1998-12-02",17.4554
"1998-12-03",16.239
"1998-12-04",13.837
"1998-12-05",8.3678
"1998-12-06",4.2923
"1998-12-07",1.3853
"1998-12-08",1.8469
"1998-12-09",0.9893
"1998-12-10",3.0578
"1998-12-11",2.6539
"1998-12-12",5.2963
"1998-12-13",7.8582
"1998-12-14",9.7342
"1998-12-15",10.2721
"1998-12-16",10.3988
"1998-12-17",10.4905
"1998-12-18",9.8626
"1998-12-19",11.9322
"1998-12-20",10.1003
"1998-12-21",4.6784
"1998-12-22",3.1433
"1998-12-23",1.5513
"1998-12-24",0.2555
"1998-12-25",2.7434
"1998-12-26",5.3901
"1998-12-27",7.4058
"1998-12-28",8.8905
"1998-12-29",10.5057
"1998-12-30",11.5799
"1998-12-31",9.9805
"1999-01-01",10.0837
"1999-01-02",8.8279
"1999-01-03",5.5818
"1999-01-04",6.1796
"1999-01-05",8.1649
"1999-01-06",9.8664
"1999-01-07",10.6678
"1999-01-08",7.2562
"1999-01-09",7.183
"1999-01-10",10.3004
"1999-01-11",11.6858
"1999-01-12",11.2179
"1999-01-13",9.412
"1999-01-14",9.962
"1999-01-15",10.1114
"1999-01-16",10.7235
"1999-01-17",11.6945
"1999-01-18",14.7719
"1999-01-19",14.9239
"1999-01-20",11.7317
"1999-01-21",8.369
"1999-01-22",6.3159
"1999-01-23",12.8409
"1999-01-24",16.3878
"1999-01-25",17.0459
"1999-01-26",11.5471
"1999-01-27",5.9759
"1999-01-28",6.3183
"1999-01-29",7.4914
"1999-01-30",8.8227
"1999-01-31",9.2183
"1999-02-01",7.8241
"1999-02-02",8.5466
"1999-02-03",11.4609
"1999-02-04",14.4648
"1999-02-05",11.0508
"1999-02-06",10.474
"1999-02-07",12.5341
"1999-02-08",14.2894
"1999-02-09",17.0467
"1999-02-10",11.489
"1999-02-11",1.8875
"1999-02-12",7.7962
"1999-02-13",12.4389
"1999-02-14",13.673
"1999-02-15",11.7712
"1999-02-16",11.9725
"1999-02-17",13.9135
"1999-02-18",13.5177
"1999-02-19",14.1665
"1999-02-20",11.1908
"1999-02-21",17.1844
"1999-02-22",11.0115
"1999-02-23",12.7073
"1999-02-24",16.5296
"1999-02-25",17.318
"1999-02-26",14.4449
"1999-02-27",14.8617
"1999-02-28",16.5205
"1999-03-01",18.8344
"1999-03-02",15.3827
"1999-03-03",18.9018
"1999-03-04",16.2641
"1999-03-05",13.1465
"1999-03-06",16.41
"1999-03-07",13.845
"1999-03-08",11.015
"1999-03-09",14.3328
"1999-03-10",14.5856
"1999-03-11",14.3867
"1999-03-12",9.7807
"1999-03-13",14.3239
"1999-03-14",20.4214
"1999-03-15",20.7938
"1999-03-16",16.7898
"1999-03-17",15.3053
"1999-03-18",16.5707
"1999-03-19",19.4022
"1999-03-20",21.278
"1999-03-21",20.8958
"1999-03-22",18.2497
"1999-03-23",18.3372
"1999-03-24",18.4526
"1999-03-25",20.7978
"1999-03-26",19.4196
"1999-03-27",19.4067
"1999-03-28",18.5636
"1999-03-29",21.9784
"1999-03-30",21.5801
"1999-03-31",17.21
"1999-04-01",10.1454
"1999-04-02",8.3702
"1999-04-03",6.2655
"1999-04-04",8.2018
"1999-04-05",10.5538
"1999-04-06",16.4694
"1999-04-07",16.3643
"1999-04-08",13.6331
"1999-04-09",8.7129
"1999-04-10",10.4184
"1999-04-11",18.196
"1999-04-12",19.5547
"1999-04-13",17.8214
"1999-04-14",16.6295
"1999-04-15",14.3635
"1999-04-16",13.5382
"1999-04-17",18.4797
"1999-04-18",22.8838
"1999-04-19",24.6582
"1999-04-20",24.9059
"1999-04-21",20.1766
"1999-04-22",18.4779
"1999-04-23",18.8448
"1999-04-24",15.6764
"1999-04-25",13.3541
"1999-04-26",20.9223
"1999-04-27",23.5507
"1999-04-28",21.984
"1999-04-29",16.1924
"1999-04-30",15.1646
"1999-05-01",16.3205
"1999-05-02",19.4642
"1999-05-03",16.0321
"1999-05-04",13.7765
"1999-05-05",14.2166
"1999-05-06",17.7172
"1999-05-07",23.7605
"1999-05-08",26.1909
"1999-05-09",23.1147
"1999-05-10",19.5159
"1999-05-11",19.578
"1999-05-12",24.8001
"1999-05-13",26.5452
"1999-05-14",23.3234
"1999-05-15",22.6784
"1999-05-16",21.3213
"1999-05-17",23.4513
"1999-05-18",27.6328
"1999-05-19",26.9049
"1999-05-20",25.53
"1999-05-21",28.3943
"1999-05-22",28.2677
"1999-05-23",27.6305
"1999-05-24",24.9076
"1999-05-25",22.3011
"1999-05-26",25.3443
"1999-05-27",26.9052
"1999-05-28",28.6784
"1999-05-29",28.8586
"1999-05-30",25.786
"1999-05-31",25.7997
"1999-06-01",26.0656
"1999-06-02",23.719
"1999-06-03",24.0983
"1999-06-04",18.628
"1999-06-05",17.7632
"1999-06-06",25.4214
"1999-06-07",28.5958
"1999-06-08",28.1261
"1999-06-09",26.3276
"1999-06-10",26.3561
"1999-06-11",27.272
"1999-06-12",29.1794
"1999-06-13",30.6282
"1999-06-14",30.13
"1999-06-15",31.0524
"1999-06-16",31.4355
"1999-06-17",29.7228
"1999-06-18",30.833
"1999-06-19",32.4416
"1999-06-20",32.3071
"1999-06-21",32.2372
"1999-06-22",30.9581
"1999-06-23",31.5964
"1999-06-24",33.5571
"1999-06-25",33.5299
"1999-06-26",33.943
"1999-06-27",33.9629
"1999-06-28",34.2149
"1999-06-29",34.5638
"1999-06-30",33.4168
"1999-07-01",34.7292
"1999-07-02",32.3176
"1999-07-03",31.0815
"1999-07-04",31.5025
"1999-07-05",33.0028
"1999-07-06",32.6465
"1999-07-07",29.9801
"1999-07-08",28.6031
"1999-07-09",29.2914
"1999-07-10",30.397
"1999-07-11",28.9879
"1999-07-12",30.097
"1999-07-13",30.9615
"1999-07-14",27.5637
"1999-07-15",28.0913
"1999-07-16",28.8198
"1999-07-17",29.8961
"1999-07-18",27.6719
"1999-07-19",27.5678
"1999-07-20",30.3109
"1999-07-21",29.9954
"1999-07-22",29.8628
"1999-07-23",30.6115
"1999-07-24",30.8322
"1999-07-25",29.995
"1999-07-26",31.4908
"1999-07-27",32.2221
"1999-07-28",30.3014
"1999-07-29",27.7208
"1999-07-30",27.7548
"1999-07-31",28.6607
"1999-08-01",29.0492
"1999-08-02",30.1219
"1999-08-03",27.839
"1999-08-04",27.8725
"1999-08-05",25.2482
"1999-08-06",27.7113
"1999-08-07",29.0543
"1999-08-08",30.7942
"1999-08-09",29.1636
"1999-08-10",25.2715
"1999-08-11",27.2974
"1999-08-12",26.7389
"1999-08-13",29.2652
"1999-08-14",27.1857
"1999-08-15",26.5022
"1999-08-16",28.4738
"1999-08-17",29.7596
"1999-08-18",30.5465
"1999-08-19",30.0368
"1999-08-20",28.124
"1999-08-21",28.3361
"1999-08-22",29.5741
"1999-08-23",30.8313
"1999-08-24",31.4242
"1999-08-25",30.2996
"1999-08-26",29.8437
"1999-08-27",29.8122
"1999-08-28",28.3893
"1999-08-29",29.7111
"1999-08-30",29.1314
"1999-08-31",28.5841
"1999-09-01",27.1349
"1999-09-02",26.5789
"1999-09-03",25.4515
"1999-09-04",24.8643
"1999-09-05",27.6895
"1999-09-06",28.8424
"1999-09-07",29.012
"1999-09-08",29.5603
"1999-09-09",29.7666
"1999-09-10",27.6927
"1999-09-11",26.5279
"1999-09-12",27.0715
"1999-09-13",27.5833
"1999-09-14",26.6009
"1999-09-15",23.6903
"1999-09-16",25.6338
"1999-09-17",25.4242
"1999-09-18",25.2996
"1999-09-19",24.9837
"1999-09-20",24.8288
"1999-09-21",25.3195
"1999-09-22",24.87
"1999-09-23",18.9824
"1999-09-24",24.2876
"1999-09-25",26.832
"1999-09-26",26.4712
"1999-09-27",25.2945
"1999-09-28",17.1005
"1999-09-29",21.1722
"1999-09-30",25.1902
"1999-10-01",27.1953
"1999-10-02",26.5413
"1999-10-03",25.1764
"1999-10-04",26.0211
"1999-10-05",28.3307
"1999-10-06",25.4367
"1999-10-07",18.894
"1999-10-08",22.8022
"1999-10-09",25.9052
"1999-10-10",27.093
"1999-10-11",27.0528
"1999-10-12",26.8713
"1999-10-13",26.7291
"1999-10-14",26.325
"1999-10-15",24.0858
"1999-10-16",18.0994
"1999-10-17",12.5796
"1999-10-18",16.6941
"1999-10-19",17.7666
"1999-10-20",20.5916
"1999-10-21",21.805
"1999-10-22",22.3772
"1999-10-23",23.1113
"1999-10-24",22.9149
"1999-10-25",22.9958
"1999-10-26",23.6602
"1999-10-27",20.8569
"1999-10-28",21.4261
"1999-10-29",14.1458
"1999-10-30",15.1874
"1999-10-31",19.044
"1999-11-01",19.534
"1999-11-02",19.0465
"1999-11-03",19.7967
"1999-11-04",20.4206
"1999-11-05",20.9676
"1999-11-06",21.5091
"1999-11-07",22.3512
"1999-11-08",20.2805
"1999-11-09",16.5903
"1999-11-10",19.7998
"1999-11-11",20.8777
"1999-11-12",20.9537
"1999-11-13",20.2157
"1999-11-14",20.0409
"1999-11-15",20.8829
"1999-11-16",21.3845
"1999-11-17",21.1259
"1999-11-18",13.8182
"1999-11-19",15.5381
"1999-11-20",15.7139
"1999-11-21",11.1717
"1999-11-22",6.4829
"1999-11-23",5.4445
"1999-11-24",4.7435
"1999-11-25",7.1525
"1999-11-26",12.7303
"1999-11-27",15.0339
"1999-11-28",16.2057
"1999-11-29",17.4454
"1999-11-30",18.6606
"1999-12-01",16.9316
"1999-12-02",10.0587
"1999-12-03",4.8713
"1999-12-04",5.0284
"1999-12-05",5.6028
"1999-12-06",7.2106
"1999-12-07",10.5311
"1999-12-08",4.4587
"1999-12-09",5.4593
"1999-12-10",8.5903
"1999-12-11",5.2956
"1999-12-12",6.4706
"1999-12-13",8.7025
"1999-12-14",3.2736
"1999-12-15",2.9617
"1999-12-16",5.6144
"1999-12-17",8.5763
"1999-12-18",9.9533
"1999-12-19",5.8416
"1999-12-20",5.748
"1999-12-21",4.5589
"1999-12-22",3.6315
"1999-12-23",5.3531
"1999-12-24",6.3682
"1999-12-25",6.655
"1999-12-26",7.1416
"1999-12-27",8.0457
"1999-12-28",8.9123
"1999-12-29",9.2638
"1999-12-30",9.2184
"1999-12-31",8.4938