date,Mount Powell,Defiance Plateau,Black Mesa,Navajo Mountain,Carrizo,Chuska,Navajo_Nation,All_Mountains
1981-11-01,5.279,5.014,5.426,5.321,4.765,4.409,6.494,4.929
1981-12-01,0.855,0.532,1.185,0.786,-0.049,-0.07,1.804,0.498
1982-01-01,-1.92,-2.394,-1.458,-1.839,-2.737,-2.711,-0.787,-2.217
1982-02-01,-1.193,-1.569,-1.1,-0.939,-2.388,-2.671,0.45,-1.838
1982-03-01,3.661,2.654,3.146,3.008,2.804,2.02,5.588,2.627
1982-04-01,6.874,6.624,7.121,6.958,6.33,5.487,9.354,6.383
1982-05-01,10.656,10.113,11.853,12.165,11.179,9.653,13.885,10.627
1982-06-01,16.287,15.391,17.236,17.11,16.674,14.999,19.052,15.976
1982-07-01,19.218,18.925,20.713,20.911,20.322,18.167,22.651,19.373
1982-08-01,18.429,18.568,19.909,20.143,19.576,17.784,22.044,18.824
1982-09-01,15.578,15.379,16.87,16.522,16.105,14.762,18.515,15.713
1982-10-01,7.921,7.346,8.237,7.565,7.61,6.793,9.726,7.468
1982-11-01,2.641,2.321,2.451,2.289,1.957,1.586,4.122,2.09
1982-12-01,-1.933,-1.196,-0.549,-1.197,-1.396,-1.314,0.266,-1.063
1983-01-01,-1.53,-1.836,-0.774,-0.682,-1.806,-2.246,-0.248,-1.614
1983-02-01,-0.355,-0.055,1.131,0.902,-0.326,-0.741,2.493,0.075
1983-03-01,2.474,1.745,2.869,2.957,2.302,1.238,5.164,2.001
1983-04-01,3.681,3.473,4.36,4.737,3.939,2.653,6.645,3.535
1983-05-01,10.378,9.121,11.196,11.425,10.532,8.84,13.115,9.843
1983-06-01,15.727,15,16.76,17.197,15.855,14.446,18.671,15.479
1983-07-01,18.939,18.712,20.691,20.842,20.109,18.243,22.65,19.318
1983-08-01,18.693,18.478,20.366,20.635,20.328,18.03,22.377,19.097
1983-09-01,16.905,16.301,18.143,18.208,17.35,15.835,19.719,16.842
1983-10-01,9.967,9.453,10.809,10.669,10.098,9.101,12.212,9.836
1983-11-01,2.863,2.748,4.143,3.887,2.779,2.105,5.032,2.99
1983-12-01,-0.19,-0.205,0.303,-0.86,-1.418,-0.879,1.297,-0.38
1984-01-01,-2.089,-2.921,-1.762,-2.036,-3.347,-3.421,-1.227,-2.731
1984-02-01,-0.472,-1.288,0.264,-0.105,-1.172,-1.854,1.106,-0.952
1984-03-01,2.982,2.294,3.328,3.391,2.63,1.429,5.265,2.381
1984-04-01,5.22,4.837,5.83,6.21,5.235,3.803,8.046,4.859
1984-05-01,14.572,14.134,15.948,16.005,14.932,13.355,17.502,14.538
1984-06-01,16.917,16.184,17.922,17.47,17.147,15.537,19.797,16.614
1984-07-01,19.547,19.451,21.504,21.734,21.211,18.954,23.386,20.099
1984-08-01,18.013,18.123,20.039,20.223,19.581,17.486,21.937,18.651
1984-09-01,15.396,15.511,17.879,17.548,16.784,15.085,19.152,16.235
1984-10-01,6.315,5.752,6.89,6.676,6.333,5.278,8.657,6.016
1984-11-01,3.256,3.65,3.916,3.194,3.316,3.361,5.124,3.594
1984-12-01,0.135,-0.657,-0.255,-1.585,-0.848,-0.928,0.786,-0.645
1985-01-01,-1.814,-2.628,-1.885,-2.423,-2.736,-3.087,-0.765,-2.544
1985-02-01,-2.484,-2.859,-1.536,-1.842,-2.964,-3.65,-0.125,-2.698
1985-03-01,3.475,2.961,3.807,3.181,3.185,2.322,5.867,3.037
1985-04-01,8.094,8.271,9.472,9.668,8.731,7.575,11.176,8.468
1985-05-01,12.318,12.245,13.976,13.896,13.06,11.754,15.556,12.711
1985-06-01,18.015,17.943,19.992,19.695,18.862,17.15,21.364,18.415
1985-07-01,19.756,19.928,22.087,21.955,21.501,19.575,23.816,20.633
1985-08-01,18.812,19.286,21.413,21.449,20.292,18.667,22.826,19.847
1985-09-01,13.405,12.977,14.598,14.437,13.556,12.369,16.238,13.354
1985-10-01,9.829,9.205,10.598,9.974,9.569,8.76,11.803,9.539
1985-11-01,3.223,2.84,2.748,2.307,1.854,1.978,4.518,2.442
1985-12-01,0.701,-0.241,0.643,-0.044,-0.84,-0.944,0.734,-0.23
1986-01-01,2.381,2,2.519,2.045,1.207,1.387,2.85,1.902
1986-02-01,1.584,2.049,2.933,2.25,1.542,1.118,4.168,1.966
1986-03-01,5.686,4.81,6.377,6.192,5.499,4.286,7.849,5.212
1986-04-01,8.286,7.273,8.082,8.171,7.299,6.317,10.28,7.238
1986-05-01,12.404,11.452,13.165,13.226,12.004,10.816,15.036,11.861
1986-06-01,17.521,17.418,19.443,19.748,17.957,16.621,20.945,17.866
1986-07-01,18.567,18.634,20.505,20.799,19.287,17.835,22.289,19.036
1986-08-01,19.363,19.724,21.5,21.52,20.427,18.843,23.2,20.06
1986-09-01,13.874,13.687,14.828,14.453,13.745,12.88,16.641,13.791
1986-10-01,8.464,7.657,8.927,8.158,8.057,7.171,10.286,7.939
1986-11-01,3.141,3.198,3.989,3.684,2.604,2.294,5.104,3.102
1986-12-01,-0.367,-0.915,0.162,-0.779,-1.04,-1.27,0.746,-0.699
1987-01-01,-2.431,-2.972,-2.236,-2.721,-3.081,-3.334,-1.739,-2.861
1987-02-01,-1.127,-0.46,0.63,0.017,-0.336,-1.052,1.963,-0.315
1987-03-01,1.188,0.942,1.746,1.534,0.884,-0.024,3.715,0.876
1987-04-01,7.623,8.03,9.501,9.807,8.39,7.143,11.028,8.242
1987-05-01,11.264,10.928,12.884,12.956,11.85,10.443,14.643,11.486
1987-06-01,17.451,18.035,20.076,19.424,18.689,17.291,21.166,18.483
1987-07-01,18.684,19.052,20.876,20.43,19.944,18.273,22.442,19.442
1987-08-01,17.33,18.019,19.578,19.479,18.491,17.043,21.331,18.226
1987-09-01,14.439,14.648,16.935,16.626,15.544,14.02,17.932,15.248
1987-10-01,11.326,11.136,12.802,12.002,10.995,10.35,13.516,11.396
1987-11-01,2.497,2.305,3.065,2.708,1.913,1.334,4.28,2.194
1987-12-01,-2.189,-2.482,-1.842,-2.593,-2.978,-2.908,-1.207,-2.462
1988-01-01,-3.474,-4.363,-3.272,-2.597,-4.75,-5.092,-2.732,-4.249
1988-02-01,0.736,0.264,1.245,1.392,-0.505,-0.841,2.413,0.168
1988-03-01,2.506,2.426,3.653,3.223,2.594,1.271,5.197,2.446
1988-04-01,6.682,6.984,7.978,8.083,7.103,5.832,9.775,6.929
1988-05-01,11.976,11.351,12.849,12.852,12.021,10.701,14.761,11.687
1988-06-01,17.04,17.719,19.385,19.391,18.515,17.141,21.109,18.122
1988-07-01,19.315,20.001,22.381,22.613,21.087,19.287,23.879,20.62
1988-08-01,18.059,18.536,20.151,20.407,19.277,17.78,22.084,18.867
1988-09-01,13.878,14.15,15.638,15.711,14.617,13.254,17.228,14.37
1988-10-01,11.633,11.981,13.668,13.265,12.375,11.399,14.365,12.357
1988-11-01,4.457,3.769,4.22,3.273,2.536,2.616,5.347,3.428
1988-12-01,-2.078,-2.205,-1.118,-1.883,-2.472,-2.936,-0.493,-2.127
1989-01-01,-2.893,-3.613,-3.467,-3.976,-4.281,-4.272,-2.576,-3.836
1989-02-01,0.691,-0.224,-0.46,-0.908,-1.924,-1.353,1.528,-0.805
1989-03-01,6.168,6.08,7.313,7.05,6.444,5.098,8.832,6.178
1989-04-01,11.45,11.152,11.873,12.043,10.677,9.942,13.595,10.954
1989-05-01,14.245,13.392,14.495,14.365,13.833,12.75,16.487,13.584
1989-06-01,17.421,17.41,18.737,18.398,17.73,16.482,20.462,17.552
1989-07-01,20.365,20.873,22.663,22.855,21.815,20.28,24.396,21.33
1989-08-01,18.19,18.569,20.074,19.985,18.997,17.703,21.851,18.797
1989-09-01,16.1,16.12,17.305,17.141,16.557,15.512,18.896,16.334
1989-10-01,9.824,9.394,10.517,10.228,9.702,8.883,11.885,9.616
1989-11-01,3.639,3.773,4.832,4.891,3.614,2.731,5.366,3.758
1989-12-01,-0.215,-1.22,0.078,0.162,-1.294,-1.883,0.077,-1.002
1990-01-01,-2.563,-2.32,-1.706,-1.917,-3.04,-3.214,-1.282,-2.482
1990-02-01,-0.994,-1.038,-0.03,-0.337,-1.088,-1.888,1.202,-1.002
1990-03-01,3.859,3.855,5.028,5.138,4.033,3.139,6.946,4.016
1990-04-01,8.321,8.85,9.669,9.977,8.813,7.645,11.582,8.708
1990-05-01,11.925,11.639,12.704,12.82,11.714,10.731,14.693,11.697
1990-06-01,19.651,19.037,20.45,20.491,19.851,18.596,22.214,19.426
1990-07-01,18.875,19.717,21.677,21.774,20.727,18.849,23.46,20.134
1990-08-01,17.23,17.905,19.891,20.177,18.981,17.292,21.555,18.429
1990-09-01,15.746,16.134,17.55,17.745,17.182,15.58,19.469,16.49
1990-10-01,9.488,9.532,10.387,10.456,9.399,8.539,11.804,9.469
1990-11-01,3.781,3.134,3.428,3.719,2.801,2.354,4.905,2.959
1990-12-01,-2.891,-5.331,-4.845,-4.555,-5.831,-6.168,-4.139,-5.444
1991-01-01,-2.605,-3.823,-3.788,-3.049,-4.886,-4.898,-2.767,-4.218
1991-02-01,1.725,1.333,1.831,2.661,0.845,0.046,3.062,1.05
1991-03-01,1.641,1.259,1.907,1.476,1.026,0.717,4.129,1.27
1991-04-01,6.779,6.399,6.74,6.792,5.974,5.298,9.057,6.115
1991-05-01,11.946,10.755,12.207,11.823,11.55,10.399,14.077,11.185
1991-06-01,15.51,15.532,17.318,17.409,16.509,14.983,19.071,16.011
1991-07-01,18.591,19.289,21.442,21.51,20.305,18.601,23.16,19.833
1991-08-01,18.501,18.998,20.553,20.844,19.827,18.142,22.484,19.282
1991-09-01,15.566,15.508,17.093,17.052,15.943,14.73,18.615,15.801
1991-10-01,11.584,10.963,12.021,11.791,11.187,10.248,13.359,11.093
1991-11-01,2.288,2.495,2.645,2.846,1.395,1.273,3.971,2.05
1991-12-01,-1.979,-3.044,-2.272,-1.711,-2.969,-3.619,-1.318,-2.948
1992-01-01,-4.328,-5.322,-4.126,-3.097,-3.885,-5.638,-3.204,-4.888
1992-02-01,0.237,0.514,0.852,1.001,0.279,-0.316,2.782,0.326
1992-03-01,3.596,3.539,4.345,4.102,4.131,2.948,6.469,3.645
1992-04-01,9.562,9.537,11.007,11.308,10.043,8.644,12.618,9.765
1992-05-01,12.301,11.917,13.389,13.72,12.754,11.238,15.46,12.25
1992-06-01,15.957,15.993,17.722,17.676,16.572,15.053,19.326,16.288
1992-07-01,18.285,18.215,19.983,20.399,19.167,17.368,21.907,18.594
1992-08-01,18.142,18.053,19.974,20.544,19.324,17.398,21.785,18.575
1992-09-01,15.187,15.501,17.14,16.991,15.975,14.71,18.372,15.802
1992-10-01,10.885,11.053,12.614,12.33,11.411,10.524,13.533,11.408
1992-11-01,-0.708,-0.127,1.036,1.153,-0.211,-1.138,2.078,-0.098
1992-12-01,-4.054,-4.658,-4.058,-3.728,-4.804,-5.026,-3.5,-4.578
1993-01-01,-0.492,-0.505,-0.561,-1.882,-1.252,-0.828,1.215,-0.716
1993-02-01,-0.069,0.688,0.597,-0.668,-0.663,-0.522,2.623,0.109
1993-03-01,2.924,3.589,4.918,4.889,3.94,2.625,6.506,3.717
1993-04-01,6.872,7.35,8.488,8.491,7.085,6.109,10.213,7.279
1993-05-01,11.766,11.659,13.577,13.777,12.243,11.192,15.268,12.184
1993-06-01,15.905,16.358,17.944,17.538,16.925,15.589,19.516,16.648
1993-07-01,18.826,18.908,21,21.202,20.189,18.429,22.692,19.536
1993-08-01,17.445,18.146,19.738,20.163,18.936,17.328,21.618,18.452
1993-09-01,13.853,14.416,16.701,17.052,15.306,13.816,17.752,15.032
1993-10-01,8.207,8.592,9.925,9.789,8.759,7.94,11.1,8.815
1993-11-01,0.846,1.014,2.017,2.076,0.674,0.152,2.902,1.027
1993-12-01,-1.695,-1.896,-0.77,-1.245,-1.952,-2.401,-0.316,-1.706
1994-01-01,-1.223,-0.827,0.264,-0.085,-0.636,-1.117,0.396,-0.565
1994-02-01,-1.852,-1.203,-0.497,-1.035,-2.024,-2.168,0.763,-1.379
1994-03-01,3.894,4.261,5.789,6.005,4.996,3.593,7.343,4.593
1994-04-01,6.754,7.013,8.451,8.696,7.489,6.201,10.314,7.25
1994-05-01,11.719,11.572,13.548,13.662,12.513,11.074,15.149,12.131
1994-06-01,18.784,19.15,21.499,21.518,20.187,18.508,22.67,19.781
1994-07-01,19.743,20.59,22.936,23.155,21.93,19.99,24.363,21.253
1994-08-01,19.447,20.292,22.201,22.519,21.5,19.628,24.058,20.781
1994-09-01,14.211,15.384,17.294,17.626,16.468,14.934,18.699,15.931
1994-10-01,7.861,8.399,9.897,9.572,8.589,7.902,11.019,8.724
1994-11-01,1.55,1.125,1.455,0.667,0.336,0.352,3.051,0.905
1994-12-01,-0.487,-0.361,0.264,-0.496,-0.998,-0.769,1.14,-0.358
1995-01-01,-2.299,-1.573,-0.734,-1.946,-2.198,-2.126,0.36,-1.567
1995-02-01,2.81,3.872,5.135,4.915,3.438,3.086,5.881,3.969
1995-03-01,3.556,3.663,4.702,4.383,3.905,2.894,6.73,3.756
1995-04-01,4.828,5.256,6.703,6.911,5.731,4.377,8.463,5.47
1995-05-01,9.724,9.341,10.872,10.727,9.639,8.503,12.81,9.589
1995-06-01,14.716,15.447,16.713,16.142,15.86,14.746,18.526,15.635
1995-07-01,18.297,19.213,21.461,21.501,20.416,18.725,22.897,19.866
1995-08-01,19.175,20.188,22.51,22.705,21.217,19.512,23.991,20.791
1995-09-01,14.828,15.936,17.923,18.315,16.694,15.364,19.238,16.445
1995-10-01,8.526,8.817,11.319,10.878,9.816,8.418,11.736,9.569
1995-11-01,4.481,5.17,6.378,7.034,4.931,4.635,7.154,5.373
1995-12-01,-0.294,-0.204,1.242,0.838,-0.453,-0.405,1.521,0.178
1996-01-01,-1.661,-0.945,-0.01,-0.165,-1.894,-1.556,0.646,-0.929
1996-02-01,2.434,3.086,3.647,3.243,2.119,2.005,4.931,2.814
1996-03-01,2.165,2.614,4.554,4.651,3.35,2.129,5.913,3.141
1996-04-01,7.066,7.501,8.848,9.19,7.853,6.599,10.642,7.668
1996-05-01,14.253,13.94,15.766,16.08,15,13.532,17.476,14.496
1996-06-01,17.855,18.264,20.693,20.999,19.26,17.835,21.981,18.995
1996-07-01,19.844,20.647,23.606,23.867,22.137,20.155,24.825,21.562
1996-08-01,18.464,19.488,22.027,22.506,20.918,18.929,23.388,20.238
1996-09-01,12.666,13.162,15.495,16.047,14.229,12.696,16.826,13.858
1996-10-01,7.71,8.171,9.998,9.565,8.808,7.797,11.164,8.679
1996-11-01,2.731,3.041,3.946,3.887,3.065,2.555,5.058,3.171
1996-12-01,-1.036,-0.69,0.031,-0.304,-2.038,-1.543,0.929,-0.853
1997-01-01,-3.476,-3.061,-1.561,-1.306,-2.758,-3.342,-0.994,-2.639
1997-02-01,-0.995,-0.461,0.237,0.001,-0.741,-1.119,1.895,-0.488
1997-03-01,3.852,4.424,6.056,6.406,4.977,3.772,7.411,4.782
1997-04-01,4.905,5.24,6.581,6.842,5.457,4.13,8.45,5.324
1997-05-01,12.211,12.534,14.652,15.303,13.083,11.752,16.304,13.019
1997-06-01,15.674,16.664,18.803,18.874,17.692,16.058,20.167,17.227
1997-07-01,18.177,18.625,21.07,21.292,20.292,18.301,22.682,19.445
1997-08-01,17.675,18.394,20.37,20.701,19.255,17.636,22.1,18.85
1997-09-01,15.961,16.409,17.667,17.118,16.694,15.688,19.498,16.583
1997-10-01,7.616,8.075,10.153,9.887,8.974,8.146,11.013,8.839
1997-11-01,2.162,3.149,4.394,4.433,2.806,2.655,5.202,3.352
1997-12-01,-4.484,-3.431,-1.434,-1.83,-2.12,-3.117,-1.219,-2.593
1998-01-01,-1.447,-0.704,0.798,0.487,-0.834,-0.983,1.28,-0.331
1998-02-01,-2.245,-1.815,-0.558,-0.941,-1.528,-2.578,1.117,-1.651
1998-03-01,1.106,1.805,3.494,3.426,2.559,1.298,5.038,2.235
1998-04-01,4.162,4.607,6.001,6.03,5.164,3.825,7.726,4.838
1998-05-01,10.954,11.222,12.936,12.397,12.189,10.792,14.457,11.699
1998-06-01,15.225,15.809,17.374,16.716,16.417,15.048,18.949,16.09
1998-07-01,19.188,20.046,22.925,23.029,21.763,19.689,24.239,20.992
1998-08-01,18.138,19.228,22.155,22.326,20.715,18.586,23.241,20.074
1998-09-01,16.405,16.614,17.904,17.219,17.806,16.353,19.575,17.023
1998-10-01,8.333,8.633,10.147,9.234,9.451,8.367,11.416,9.08
1998-11-01,3.444,3.444,3.934,4.003,3.238,2.843,5.338,3.389
1998-12-01,-0.606,-0.987,-0.277,-0.296,-0.736,-1.14,0.499,-0.78
1999-01-01,0.568,0.344,1.803,1.599,0.426,0.228,2.189,0.792
1999-02-01,1.862,1.618,2.565,2.22,1.359,1.17,3.577,1.757
1999-03-01,5.313,4.892,6.5,6.672,5.935,4.7,7.987,5.447
1999-04-01,5.557,4.899,5.724,5.773,5.178,4.183,8.02,4.962
1999-05-01,10.678,10.087,12.397,12.456,10.958,9.528,13.969,10.737
1999-06-01,15.829,16.072,18.435,18.437,17.114,15.461,19.832,16.72
1999-07-01,18.291,18.857,21.169,21.263,20.545,18.442,22.916,19.599
1999-08-01,17.228,17.728,19.48,19.517,18.709,17.037,21.377,18.139
1999-09-01,13.899,13.891,16.083,16.373,15.117,13.519,17.48,14.587
1999-10-01,9.429,9.235,12.317,12.582,11.112,9.419,12.474,10.464
1999-11-01,5.325,5.195,6.943,7.365,6.27,5.207,6.999,5.868
1999-12-01,-3.078,-3.166,-0.559,-0.61,-1.329,-2.46,-0.755,-1.929
2000-01-01,-0.033,-0.27,1.009,0.645,-0.502,-0.442,1.715,0.074
2000-02-01,2.035,2.085,2.949,2.235,1.779,1.378,4.229,2.093
2000-03-01,2.899,2.499,3.686,3.63,3.169,2.065,5.48,2.8
2000-04-01,8.384,8.353,10.61,11.454,9.539,7.853,12.013,9.036
2000-05-01,13.962,13.671,16.28,16.356,15.22,13.499,17.482,14.597
2000-06-01,18.572,18.608,20.985,20.651,19.96,18.287,22.249,19.378
2000-07-01,19.888,20.347,23.02,23.335,22.171,20.168,24.362,21.305
2000-08-01,18.867,19.676,22.086,22.5,21.679,19.538,23.576,20.57
2000-09-01,15.762,15.838,17.861,18.115,17.566,15.814,19.379,16.631
2000-10-01,8.379,8.826,10.653,10.419,9.886,8.643,11.873,9.435
2000-11-01,-1.109,-0.881,-0.081,0.095,-0.847,-1.479,1.313,-0.816
2000-12-01,-0.328,-0.34,1.1,1.063,-0.345,-0.422,1.178,0.107
2001-01-01,-3.664,-3.443,-1.624,-1.755,-2.269,-3.026,-1.128,-2.62
2001-02-01,-0.401,-0.19,0.803,0.469,0.114,-0.48,2.137,0.052
2001-03-01,3.659,3.422,4.919,4.953,4.149,2.92,6.515,3.806
2001-04-01,7.618,7.385,8.658,8.64,8.198,6.886,10.524,7.701
2001-05-01,13.105,13.119,15.683,15.978,14.843,13.111,17.066,14.098
2001-06-01,17.58,17.79,20.361,20.232,19.675,17.734,21.739,18.755
2001-07-01,19.292,19.869,21.829,21.929,21.673,19.621,23.796,20.56
2001-08-01,17.817,18.6,21.11,21.516,20.053,18.137,22.492,19.376
2001-09-01,15.654,16.182,19.245,19.599,18.14,16.331,19.933,17.389
2001-10-01,10.287,10.456,12.861,13.099,11.699,10.568,13.557,11.383
2001-11-01,3.538,4.261,5.573,5.208,4.801,4.191,6.553,4.691
2001-12-01,-2.936,-2.778,-1.43,-2.066,-2.552,-2.732,-0.871,-2.316
2002-01-01,-2.263,-1.794,-0.887,-1.437,-2.08,-2.085,-0.179,-1.633
2002-02-01,-0.849,-0.816,0.422,0.574,-1.041,-1.255,1.187,-0.57
2002-03-01,1.706,1.392,3.073,2.89,2.396,1.137,4.665,1.937
2002-04-01,9.578,9.48,11.337,11.64,10.657,9.139,12.89,10.074
2002-05-01,12.28,11.728,14.629,14.408,13.894,12.007,15.859,12.947
2002-06-01,18.979,19.105,22.344,22.014,21.391,19.458,22.931,20.456
2002-07-01,19.671,20.486,24.001,24.359,23.061,20.528,25.124,21.848
2002-08-01,18.563,19.106,21.943,22.686,21.119,19.216,23.181,20.237
2002-09-01,14.288,14.613,17.226,17.101,16.314,14.642,18.453,15.605
2002-10-01,7.832,7.823,9.951,9.528,8.798,7.812,10.925,8.586
2002-11-01,2.848,2.684,3.779,3.885,3.09,2.511,4.701,3.022
2002-12-01,-2.573,-2.827,-0.565,-0.898,-1.51,-2.364,-0.488,-1.828
2003-01-01,1.595,1.577,2.762,2.903,2.241,1.804,3.156,2.098
2003-02-01,-0.05,0.442,1.3,0.798,-0.287,-0.475,2.472,0.343
2003-03-01,2.32,2.189,4.112,4.429,2.98,1.753,5.674,2.745
2003-04-01,6.576,6.344,7.517,7.769,7.348,6.075,9.447,6.724
2003-05-01,12.539,12.686,14.926,14.799,14.019,12.604,16.385,13.493
2003-06-01,16.66,17.538,20.242,20.22,18.834,17.345,21.271,18.448
2003-07-01,21.223,22.019,24.727,25.191,24.26,22.37,26.075,23.196
2003-08-01,18.878,19.875,21.998,22.227,21.382,19.505,23.626,20.552
2003-09-01,14.706,15.384,17.964,18.311,16.473,15.067,18.979,16.207
2003-10-01,11.39,11.52,13.768,13.889,12.785,11.541,14.58,12.364
2003-11-01,2.38,2.731,3.306,2.627,1.89,1.796,4.639,2.522
2003-12-01,-0.802,0.027,0.242,-0.359,-0.426,-0.313,0.943,-0.077
2004-01-01,-2.262,-1.401,-1.101,-1.703,-2.054,-1.908,-0.254,-1.549
2004-02-01,-3.035,-1.859,-1.172,-1.681,-2.186,-2.726,0.297,-1.98
2004-03-01,5.704,6.641,8.11,8.348,7.287,6.211,9.396,7.019
2004-04-01,6.612,7.029,8.334,8.838,7.906,6.344,10.283,7.297
2004-05-01,12.658,12.936,15.071,15.037,13.723,12.599,16.284,13.581
2004-06-01,16.927,17.63,20.077,19.836,18.875,17.406,21.194,18.439
2004-07-01,18.494,20.084,22.124,22.278,21.236,19.74,23.471,20.704
2004-08-01,16.991,18.273,20.63,20.689,19.755,18.011,22.002,19.054
2004-09-01,13.849,14.724,16.238,16.453,15.39,14.373,17.735,15.145
2004-10-01,8.196,8.671,10.114,9.476,9.107,8.416,11.336,9.073
2004-11-01,1.494,2.331,3.025,2.41,2.521,1.739,4.367,2.347
2004-12-01,-1.654,-1.232,-0.134,-0.347,-0.743,-1.315,0.219,-0.872
2005-01-01,0.589,0.933,1.874,1.09,1.006,0.55,3.016,1.098
2005-02-01,-0.024,0.681,1.764,1.159,1.088,-0.011,3.385,0.811
2005-03-01,1.324,1.803,3.788,3.943,3.178,1.468,5.532,2.443
2005-04-01,6.546,7.037,8.216,8.234,7.689,6.444,9.98,7.267
2005-05-01,12.404,12.861,14.405,14.194,13.415,12.471,15.97,13.269
2005-06-01,16.142,16.827,18.051,17.488,17.242,16.22,19.573,17.034
2005-07-01,20.722,21.345,23.789,24.087,23.067,21.289,25.012,22.258
2005-08-01,17.729,18.285,19.711,19.846,19.706,17.835,21.793,18.703
2005-09-01,15.65,15.895,17.229,17.3,16.864,15.652,19.02,16.323
2005-10-01,9.156,9.605,11.335,10.937,10.485,9.313,12.488,10.128
2005-11-01,3.948,4.076,5.331,5.347,4.46,3.89,5.848,4.454
2005-12-01,-0.743,-0.421,0.388,0.293,-1.102,-0.796,0.373,-0.339
2006-01-01,-1.137,-0.778,0.286,-0.661,-0.401,-0.792,0.715,-0.429
2006-02-01,0.248,1.076,1.866,1.869,0.825,0.473,2.603,1.101
2006-03-01,1.932,2.11,2.881,2.588,2.593,1.495,4.975,2.184
2006-04-01,8.138,8.422,9.602,9.475,9.185,7.807,11.367,8.653
2006-05-01,13.912,14.004,15.682,16.016,15.24,13.867,17.308,14.61
2006-06-01,18.658,18.85,21.138,21.268,20.489,18.598,22.513,19.642
2006-07-01,19.705,21.224,22.749,23.165,22.397,20.698,24.66,21.621
2006-08-01,16.957,18.062,20.202,20.726,19.661,17.598,21.934,18.724
2006-09-01,11.635,12.311,14.282,14.815,13.83,12.221,15.998,13.045
2006-10-01,7.952,8.306,9.369,9.154,8.919,8.22,10.811,8.663
2006-11-01,3.887,4.266,5.095,5.235,4.727,4.159,6.017,4.535
2006-12-01,-2.763,-1.344,-0.814,-0.787,-1.138,-1.395,-0.502,-1.194
2007-01-01,-4.456,-4.482,-3.414,-3.019,-2.996,-4.238,-2.588,-3.927
2007-02-01,-0.008,0.617,1.691,1.912,0.532,0.075,2.769,0.777
2007-03-01,3.987,4.643,5.974,6.324,5.538,4.487,7.388,5.093
2007-04-01,7.426,7.768,9.041,9.407,8.27,7.057,10.777,7.988
2007-05-01,11.181,11.638,14.079,14.468,13.179,11.405,15.736,12.481
2007-06-01,17.314,17.839,20.379,20.392,19.827,17.652,21.682,18.755
2007-07-01,19.799,20.565,23.465,23.734,22.78,20.433,24.812,21.637
2007-08-01,18.804,19.565,21.923,22.169,21.483,19.22,23.556,20.363
2007-09-01,14.924,15.667,17.879,17.973,17.312,15.606,19.294,16.489
2007-10-01,9.504,9.661,10.877,10.232,10.33,9.619,11.931,10.082
2007-11-01,4.892,5.367,6.875,6.887,6.128,5.521,7.135,5.966
2007-12-01,-2.683,-2.718,-1.877,-2.508,-3.31,-3.112,-0.99,-2.63
2008-01-01,-4.49,-4.585,-3.817,-3.807,-5.475,-5.14,-3.022,-4.583
2008-02-01,-1.032,-0.859,0.005,0.161,-1.597,-1.67,1.254,-0.903
2008-03-01,2.366,2.324,4.332,4.309,2.979,1.644,5.745,2.807
2008-04-01,6.066,6.079,7.813,7.835,6.993,5.61,9.254,6.562
2008-05-01,10.419,10.107,11.67,11.745,11.281,9.86,13.521,10.634
2008-06-01,16.946,16.847,19.1,19.435,18.407,16.704,20.69,17.668
2008-07-01,19.039,20.051,22.228,22.779,21.804,19.742,23.882,20.791
2008-08-01,19.03,19.82,21.585,22.179,21.166,19.534,23.202,20.406
2008-09-01,14.451,14.832,17.286,17.782,16.859,15.077,18.555,15.881
2008-10-01,8.451,8.742,11.189,11.082,10.709,9.116,11.838,9.816
2008-11-01,3.649,4.426,6.014,5.978,5.212,4.385,6.226,4.982
2008-12-01,-1.554,-1.141,-0.594,-1.211,-1.963,-1.641,0.102,-1.211
2009-01-01,-1.048,0.031,0.675,0.111,-0.483,-0.439,0.661,0.017
2009-02-01,0.891,1.084,1.719,1.543,1.047,0.612,2.929,1.124
2009-03-01,3.671,3.811,4.862,4.945,4.562,3.524,6.639,4.116
2009-04-01,5.435,5.916,7.38,7.7,6.678,5.288,9.15,6.243
2009-05-01,13.527,13.981,15.712,16.205,15.047,13.699,17.336,14.54
2009-06-01,14.86,15.231,17.262,16.865,16.646,14.614,18.973,15.784
2009-07-01,20.395,20.662,23.159,23.349,22.462,20.153,24.606,21.449
2009-08-01,18.969,19.811,21.313,21.876,20.817,18.977,22.569,20.098
2009-09-01,14.111,15.352,17.553,18.223,16.744,14.783,18.678,15.984
2009-10-01,7.306,7.317,8.785,8.854,8.113,7.052,10.083,7.773
2009-11-01,3.182,3.917,5.054,5.569,5.114,4.651,5.658,4.629
2009-12-01,-4.105,-3.741,-3.262,-3.042,-3.694,-3.362,-2.803,-3.453
2010-01-01,-2.894,-2.664,-2.124,-1.197,-2.296,-1.931,-2.091,-2.194
2010-02-01,-2.998,-1.562,-0.644,-0.069,-1.578,-1.534,0.639,-1.262
2010-03-01,1.244,2.039,3.144,3.529,2.432,1.693,4.781,2.311
2010-04-01,6.738,6.823,8.07,8.027,7.553,6.086,9.855,7.038
2010-05-01,10.237,10.126,11.404,11.021,11.067,9.571,13.32,10.424
2010-06-01,17.801,18.256,19.502,19.512,19.261,17.591,21.126,18.51
2010-07-01,19.564,20.158,22.143,22.645,21.627,19.279,24.096,20.627
2010-08-01,17.829,18.408,20.006,20.244,19.569,17.473,21.974,18.702
2010-09-01,16.715,16.076,17.829,18.763,17.857,16.014,19.568,16.797
2010-10-01,10.382,10.168,11.343,10.791,10.922,9.617,12.711,10.418
2010-11-01,1.381,0.994,2.672,2.874,1.967,1.254,3.589,1.719
2010-12-01,2.073,1.72,2.22,1.718,1.808,1.712,3.106,1.884
2011-01-01,-2.743,-2.957,-2.708,-2.203,-2.806,-2.31,-2.181,-2.63
2011-02-01,-2.715,-2.986,-1.589,-1.31,-2.255,-3.037,-0.205,-2.477
2011-03-01,4.77,4.21,5.159,5.005,4.815,3.78,6.893,4.429
2011-04-01,8.241,6.938,7.873,8.061,7.386,6.06,10.106,7.009
2011-05-01,10.075,9.358,11.067,11.083,10.484,8.743,13.019,9.81
2011-06-01,17.661,17.25,18.823,19.023,19.061,17.075,20.761,17.856
2011-07-01,19.777,20.334,21.913,22.062,21.726,19.312,23.863,20.607
2011-08-01,19.169,20.442,22.12,23.011,21.786,19.469,23.982,20.765
2011-09-01,14.569,14.905,17.485,18.02,16.873,14.625,18.817,15.815
2011-10-01,9.314,9.085,10.466,10.86,9.92,8.588,11.674,9.448
2011-11-01,2.857,2.657,3.208,3.321,3.097,2.554,4.582,2.843
2011-12-01,-2.588,-2.615,-1.923,-1.615,-1.719,-2.094,-1.289,-2.136
2012-01-01,-0.343,0.042,0.79,0.888,0.288,0.261,1.224,0.377
2012-02-01,0.07,-0.696,0.301,0.582,-0.313,-0.998,1.912,-0.422
2012-03-01,3.886,2.984,4.756,5.261,4.562,3.124,6.472,3.76
2012-04-01,8.83,8.673,10.016,10.453,9.801,8.092,11.807,9.016
2012-05-01,13.832,13.142,15.003,15.567,14.7,12.57,16.711,13.703
2012-06-01,19.711,19.22,21.233,21.593,21.242,19.259,22.841,20.065
2012-07-01,19.596,20.021,21.918,22.179,21.68,18.983,23.889,20.419
2012-08-01,19.46,19.943,21.512,22.373,21.428,18.979,23.482,20.256
2012-09-01,15.473,15.21,17.351,18.19,17.302,15.19,18.949,16.089
2012-10-01,10.423,9.264,11.621,12.179,11.109,9.555,12.629,10.31
2012-11-01,4.486,5.032,5.994,6.507,5.511,5.027,6.578,5.386
2012-12-01,-1.318,-1.496,-0.921,-0.939,-1.23,-1.276,0.017,-1.21
2013-01-01,-4.313,-5.567,-4.598,-3.965,-4.519,-4.904,-3.814,-4.911
2013-02-01,-2.24,-2.398,-1.251,-0.855,-1.906,-2.703,0.254,-2.075
2013-03-01,3.943,3.616,5.253,5.913,4.832,3.46,6.941,4.214
2013-04-01,7.189,6.759,8.148,8.985,7.927,6.098,10.132,7.106
2013-05-01,12.275,11.375,13.253,13.881,13.111,11.004,15.212,12.028
2013-06-01,19.264,19.099,21.169,21.815,20.862,18.856,22.812,19.848
2013-07-01,19.445,20.358,22.32,23.021,22.149,19.537,24.288,20.862
2013-08-01,17.849,18.836,20.041,20.502,19.963,17.752,22.14,18.945
2013-09-01,15.025,15.724,16.725,16.777,16.556,14.844,18.72,15.808
2013-10-01,7.636,7.877,8.72,8.796,8.285,7.287,10.042,7.984
2013-11-01,3,3.559,4.025,4.394,3.785,3.447,5.084,3.691
2013-12-01,-1.166,-1.548,-2.485,-2.163,-2.093,-1.27,-1.393,-1.791
2014-01-01,0.206,0.411,0.761,1.715,0.397,0.598,1.175,0.606
2014-02-01,3.196,2.471,2.979,3.441,2.147,1.942,4.439,2.457
2014-03-01,3.833,4.069,5.19,5.348,4.73,3.731,6.801,4.374
2014-04-01,7.172,7.333,8.271,9.008,7.62,6.575,10.091,7.421
2014-05-01,10.815,11.217,12.779,13.311,11.99,10.577,14.47,11.579
2014-06-01,18.63,18.914,20.044,20.267,19.322,17.932,21.533,18.986
2014-07-01,20.323,21.255,23.083,23.586,22.601,20.181,24.762,21.591
2014-08-01,16.974,18.392,19.685,20.023,19.443,17.474,21.46,18.57
2014-09-01,16.41,17.03,18.383,18.911,17.528,15.99,19.817,17.163
2014-10-01,10.881,11.359,12.489,12.753,11.661,10.741,13.458,11.544
2014-11-01,3.305,4.13,4.681,5.821,4.242,4.004,5.516,4.288
2014-12-01,0.07,0.29,1.056,0.849,0.291,0.224,1.639,0.513
2015-01-01,-0.134,0.489,0.856,1.5,0.821,0.822,1.245,0.751
2015-02-01,2.839,3.61,4.266,5.125,3.408,3.243,5.292,3.693
2015-03-01,5.191,5.948,6.907,7.796,6.681,5.602,8.38,6.209
2015-04-01,7.231,7.387,8.585,9.278,8.168,6.848,10.239,7.671
2015-05-01,9.997,9.863,11.624,12.124,10.843,9.254,13.433,10.325
2015-06-01,18.668,18.12,20.078,21.086,19.387,17.591,21.726,18.713
2015-07-01,18.386,19.113,20.664,21.398,20.039,18.017,22.463,19.327
2015-08-01,19.291,19.826,21.169,21.969,20.666,18.614,22.788,19.93
2015-09-01,16.895,17.053,18.524,19.656,18.283,16.355,19.798,17.416
2015-10-01,11.044,11.377,12.74,12.885,12.614,11.065,13.828,11.811
2015-11-01,2.756,2.711,3.119,3.341,3.114,2.598,4.371,2.843
2015-12-01,-1.556,-1.842,-1.182,-0.894,-1.587,-1.606,-0.569,-1.514
2016-01-01,-2.174,-1.655,-1.59,-0.882,-2.011,-1.509,-0.835,-1.604
2016-02-01,1.571,2.41,2.98,3.826,2.368,2.444,3.858,2.61
2016-03-01,4.838,4.914,6.307,6.8,5.598,4.572,7.702,5.318
2016-04-01,6.803,6.839,8.365,9.114,7.757,6.283,10.032,7.239
2016-05-01,10.639,10.553,12.369,12.777,11.833,10.031,14.011,11.082
2016-06-01,19.781,20.466,22.339,22.95,21.63,19.638,23.501,20.893
2016-07-01,21.292,21.181,22.751,23.758,21.989,20.009,24.428,21.387
2016-08-01,17.198,17.845,19.551,20.757,18.869,16.897,21.246,18.179
2016-09-01,15.743,15.512,16.854,17.3,16.632,14.779,18.093,15.804
2016-10-01,11.765,11.876,13.184,13.285,12.78,11.486,14.132,12.244
2016-11-01,4.608,5.334,6.593,6.708,6.011,5.179,7.2,5.738
2016-12-01,0.196,0.343,0.731,0.503,0.021,0.242,1.371,0.406
2017-01-01,-0.871,-1.099,-0.573,-0.926,-1.359,-1.599,0.735,-1.117
2017-02-01,2.605,2.823,3.855,3.854,3.46,2.8,5.208,3.2
2017-03-01,5.896,6.188,7.705,8.067,7.195,5.991,8.81,6.7
2017-04-01,7.533,7.473,8.744,9.194,8.269,6.732,10.273,7.712
2017-05-01,11.056,11.17,12.989,13.786,11.921,10.474,14.361,11.607
2017-06-01,19.332,19.272,21.582,22.507,20.622,18.856,22.782,20.016
2017-07-01,20.176,20.851,22.692,23.652,22.138,19.798,24.331,21.208
2017-08-01,18.57,19.227,21.009,22.152,20.261,18.294,22.452,19.591
2017-09-01,15.936,15.939,17.387,17.644,17.057,15.268,18.771,16.279
2017-10-01,10.708,10.747,12.01,11.993,11.604,10.547,12.742,11.16
2017-11-01,7.08,7.797,8.198,8.64,8.078,7.658,8.887,7.901
2017-12-01,0.937,1.725,2.314,3.091,1.978,2.137,2.361,2.081
2018-01-01,0.447,1.201,2.064,2.49,1.651,1.566,2.189,1.64
2018-02-01,1.219,1.225,2.467,2.117,1.56,1.038,3.303,1.59
2018-03-01,3.229,3.596,4.981,4.811,4.489,3.315,6.268,4.015
2018-04-01,9.304,9.636,11.046,11.501,10.663,9.039,12.635,9.98
2018-05-01,13.623,13.729,15.564,15.934,15.223,13.296,16.846,14.306
2018-06-01,19.487,20.195,21.822,22.48,21.246,19.487,22.952,20.574
2018-07-01,19.967,21.291,22.94,23.005,22.608,20.319,24.746,21.585
2018-08-01,18.947,20.142,21.741,22.812,21.272,19.328,23.359,20.482
2018-09-01,15.861,17.196,18.389,18.897,18.364,16.546,19.953,17.446
2018-10-01,8.432,8.361,10.098,9.009,9.018,7.769,11.177,8.762
2018-11-01,1.921,2.276,3.059,3.765,2.298,2.129,3.678,2.496
2018-12-01,-1.248,-0.873,-0.063,-0.624,-1.068,-0.715,0.423,-0.584
2019-01-01,-1.946,-1.691,-1.545,-1.386,-1.95,-1.548,-0.815,-1.615
2019-02-01,-1.695,-1.98,-1.491,-2.151,-2.551,-2.149,-0.106,-1.927
2019-03-01,3.86,3.954,4.739,4.635,3.957,3.249,6.746,3.971
2019-04-01,8.127,8.45,10.031,10.597,9.283,7.692,11.424,8.785
2019-05-01,9.138,8.452,10.262,10.161,9.497,7.752,11.958,8.901
